user_id,order,username,Gem Color,nickname,follower_count,following_count,like_count,video_count,digg_count,friend_count,private_account,secret,ttSeller,verified
7.20539E+18,1,beckett.lacy,RED,beckett.lacy,1761,1407,921,18,13000,0,FALSE,FALSE,FALSE,FALSE
6.71007E+18,2,connorlenhart7,,Connorgames6,129,2634,1301,76,9445,0,FALSE,FALSE,FALSE,FALSE
7.27129E+18,3,border.potrol,,border potrol,116,597,29,1,4127,0,FALSE,FALSE,FALSE,FALSE
7.47626E+18,4,.nate965,RED,nate,12,290,0,0,1569,0,TRUE,TRUE,FALSE,FALSE
7.25731E+18,5,e84567,,Ô∏é,38,639,116,0,331,0,FALSE,FALSE,FALSE,FALSE
7.1166E+18,6,vibesinchaos,,CHAOS‚Ñ¢Ô∏è,9722,1037,233100,717,14100,0,FALSE,FALSE,FALSE,FALSE
6.94859E+18,7,gwonty,,Grant,1106,578,326,0,74200,0,FALSE,FALSE,FALSE,FALSE
7.458E+18,8,elliot_the_short_king,,elliot_the_short_king,104,365,26,3,30000,0,TRUE,TRUE,FALSE,FALSE
7.08886E+18,9,twolvesszn_,,hudson_glander,1550,4660,21500,224,82600,0,FALSE,FALSE,FALSE,FALSE
7.43581E+18,10,easton.savoie,,Easton Savoie,64,1499,48,7,2855,0,FALSE,FALSE,FALSE,FALSE
6.71335E+18,11,ryanbutcher07,,ryan butcher,222,1067,0,1,273300,0,FALSE,FALSE,FALSE,FALSE
6.59346E+18,12,chason._,,Chase,472,1308,3355,1,49600,0,FALSE,FALSE,FALSE,FALSE
7.52235E+18,13,661.josh1,,661.josh ALT,34,242,33,0,827,0,FALSE,FALSE,FALSE,FALSE
7.28482E+18,14,bubba32328,,‚òÖ/Star,41,3914,10,0,3228,0,TRUE,TRUE,FALSE,FALSE
7.37501E+18,15,thebuffchees,,Thebuffchees,270,2132,4250,59,14900,0,FALSE,FALSE,FALSE,FALSE
7.16965E+18,16,braxtonflaugher,,braxtonflaugher,411,3574,362,4,15200,0,FALSE,FALSE,FALSE,FALSE
7.30629E+18,17,rulandlovesyams,,·¥ÆÀ°·µâÀ¢À¢·µâ·µà,291,615,2356,10,6305,0,FALSE,FALSE,FALSE,FALSE
6.75044E+18,18,erikbjn.06,,erikbjn.06,1494,4655,708,4,151500,0,FALSE,FALSE,FALSE,FALSE
7.54011E+18,19,brianlovesmcflurries,,Brian,129,72,252,4,1337,0,FALSE,FALSE,FALSE,FALSE
7.12362E+18,20,cgeno99_,,cgeno9üèí,297,2350,300,9,123600,0,TRUE,TRUE,FALSE,FALSE
6.9418E+18,21,thehoodieguy77,,thehoodieguy77,193,1296,3192,93,8352,0,FALSE,FALSE,FALSE,FALSE
7.46021E+18,22,flashanovlt,,crxy,36,501,73,18,3458,0,FALSE,FALSE,FALSE,FALSE
7.37572E+18,23,quentin_him420,,Quentin A,284,2259,210,7,17100,0,FALSE,FALSE,FALSE,FALSE
7.21232E+18,24,whoosh012,,Evil Edward Robinson,46,149,66,6,31800,0,FALSE,FALSE,FALSE,FALSE
6.71545E+18,25,zaybay18,,Isaiah,44,1139,47,26,1960,0,FALSE,FALSE,FALSE,FALSE
7.39806E+18,26,___hydro___,,Hydro,56,747,5,0,80300,0,FALSE,FALSE,FALSE,FALSE
7.1798E+18,27,apurplearcher,,Shovelü™è‚ú®,643,3105,355200,98,135700,0,FALSE,FALSE,FALSE,FALSE
7.49042E+18,28,killex_powerlime544,,killex_powerlime544,84,572,1548,39,1221,0,FALSE,FALSE,FALSE,FALSE
7.53978E+18,29,jano_got_banned100,,Janooooooooooooo,32,68,9,1,977,0,FALSE,FALSE,FALSE,FALSE
7.51409E+18,30,saltwater.fishing31,,Gtown anglersü¶à,107,255,1870,5,1664,0,FALSE,FALSE,FALSE,FALSE
6.87215E+18,31,krypto_otk,,Krypto_otk,291,3477,524,11,11900,0,FALSE,FALSE,FALSE,FALSE
7.51849E+18,32,gilbert201147,,Gilbert2011!!!!,38,504,8,1,5238,0,TRUE,TRUE,FALSE,FALSE
7.50218E+18,33,iamsecondgodisfirst8,,GOD IS THE WAY‚úùÔ∏è‚úùÔ∏è‚úùÔ∏è‚úùÔ∏è,55,396,0,0,13000,0,FALSE,FALSE,FALSE,FALSE
7.41505E+18,34,wajoko0,RED,wajoko,37,124,47,3,13900,0,FALSE,FALSE,FALSE,FALSE
6.74928E+18,35,budget_honda_suzuki,,Budget_Honda,5158,9148,14000,10,448400,0,FALSE,FALSE,FALSE,FALSE
7.49851E+18,36,jesus.encarnacion436,,EL_MATON_82‚Ä†,39,267,66,4,20800,0,FALSE,FALSE,FALSE,FALSE
7.33385E+18,37,eric694203,,eric694203,50,475,159,1,5121,0,FALSE,FALSE,FALSE,FALSE
7.08121E+18,38,charwewe,,Charwewe,129,1208,686,18,20300,0,FALSE,FALSE,FALSE,FALSE
7.50886E+18,39,mason67sigma67,,Jordanlove #1 fan üíöüíõüèà,482,756,17000,288,20100,0,FALSE,FALSE,FALSE,FALSE
7.13193E+18,40,kash_9950,,Kash_9950,276,2979,64,1,47600,0,FALSE,FALSE,FALSE,FALSE
7.25016E+18,41,leonardo15.11,,Leo,65,520,562,0,23500,0,TRUE,TRUE,FALSE,FALSE
7.54408E+18,42,dih.hydrated,,Idk,17,77,91,1,493,0,TRUE,TRUE,FALSE,FALSE
7.49336E+18,43,djdonovan..5,,Ô∏è,12,794,647,174,45900,0,TRUE,TRUE,FALSE,FALSE
6.92636E+18,44,dropagearandpassaqueer,,.,63,912,93,8,4605,0,FALSE,FALSE,FALSE,FALSE
7.49805E+18,45,dovid06,RED,David60v,63,284,13,1,547,0,FALSE,FALSE,FALSE,FALSE
7.35183E+18,46,riyansh.minumula,,Riyansh,335,642,261,1,7317,0,FALSE,FALSE,FALSE,FALSE
7.4069E+18,47,huntlerbuss0,,huntlerbuss0,141,785,84,3,103900,0,FALSE,FALSE,FALSE,FALSE
6.80864E+18,48,tykoo28,,Ty Koo,390,1432,167,0,10300,0,FALSE,FALSE,FALSE,FALSE
7.40304E+18,49,justinlewis_25,,Justin,335,409,200,2,7160,0,TRUE,TRUE,FALSE,FALSE
7.40358E+18,50,l0batamy,,2020 Grand Chevrolet,31,398,492,13,6893,0,FALSE,FALSE,FALSE,FALSE
6.90023E+18,51,emmanuelkelley,RED,Emmanuel Kelley,92,1978,0,0,69300,0,FALSE,FALSE,FALSE,FALSE
6.83158E+18,52,howard100,,Howard01,714,1808,281,0,5566,0,FALSE,FALSE,FALSE,FALSE
7.41166E+18,53,jamaliosis69,,Jamaliosis,146,246,2063,108,1370,0,FALSE,FALSE,FALSE,FALSE
7.51968E+18,54,3dprinting_elijah,RED,Elijah,44,237,457,8,154,0,FALSE,FALSE,FALSE,FALSE
7.48364E+18,55,i.want.thy.cape.p,,michaelspirito7,11,33,0,0,508,0,FALSE,FALSE,FALSE,FALSE
7.04582E+18,56,acorn445,RED,acorn‚úùÔ∏è,150,3569,145,0,30800,0,FALSE,FALSE,FALSE,FALSE
7.47946E+18,57,cj807862,,CJü§®,52,116,15,4,3201,0,FALSE,FALSE,FALSE,FALSE
7.50965E+18,58,calvinandnobs,,CalvinandNOBS,10000,60,38700,80,289,0,FALSE,FALSE,FALSE,FALSE
7.4524E+18,59,baconzarebetterz,,Maru??!,62,1422,118,16,9662,0,FALSE,FALSE,FALSE,FALSE
7.5321E+18,60,gagesmith358,,Glass_of_Water,30,269,10,4,1313,0,FALSE,FALSE,FALSE,FALSE
7.52807E+18,61,austin22good,,Austin,27,108,0,0,2608,0,FALSE,FALSE,FALSE,FALSE
7.20801E+18,62,nickwon73,,Nick Malchowüî•,1016,242,1712,0,15300,0,FALSE,FALSE,FALSE,FALSE
7.53444E+18,63,skylerevans82,,skylerevans82,46,128,5,1,1903,0,FALSE,FALSE,FALSE,FALSE
7.1642E+18,64,floriangeisler7,,floriangeisler7,70,833,33,4,7230,0,FALSE,FALSE,FALSE,FALSE
7.50632E+18,65,connor_latour,,Connor_latour,175,1016,129,7,15000,0,FALSE,FALSE,FALSE,FALSE
7.05101E+18,66,3mmett_nothim,,3mmett_notHim,133,466,316,19,3890,0,FALSE,FALSE,FALSE,FALSE
7.48001E+18,67,rowdy62187,,ÂêµÈóπÁöÑ,114,834,0,0,8279,0,TRUE,TRUE,FALSE,FALSE
7.19578E+18,68,fisching_greg,,Greg,56,481,1550,2,1422,0,FALSE,FALSE,FALSE,FALSE
7.47556E+18,69,cowboy_.143,,Antonioü§†‚úùÔ∏è,20,774,0,0,18000,0,TRUE,TRUE,FALSE,FALSE
7.54396E+18,70,rohangry_,,rohangry,42,87,0,0,124,0,FALSE,FALSE,FALSE,FALSE
7.1441E+18,71,ryanwuennecke,,Ryan,49,43,0,0,22100,0,FALSE,FALSE,FALSE,FALSE
6.9208E+18,72,diego_rodr0325,,Diego Rodriguez85085,50,728,0,0,23500,0,TRUE,TRUE,FALSE,FALSE
7.53174E+18,73,small.kid.big.dreams,,small.kid.big.dreams,16,79,12,0,206,0,FALSE,FALSE,TRUE,FALSE
7.3103E+18,74,gabepurp,,Gabe,5,24,0,0,76,0,FALSE,FALSE,FALSE,FALSE
7.36372E+18,75,thomas.roberson52,,NoisyCricket,34,244,0,0,3596,0,FALSE,FALSE,FALSE,FALSE
7.45067E+18,76,siredward589,,SirEdward,41,134,0,0,6142,0,TRUE,TRUE,FALSE,FALSE
7.48588E+18,77,silksong.is.real,,Silksong is real,4,4,327,1,138,0,FALSE,FALSE,FALSE,FALSE
7.28662E+18,78,emonster117059,,Hellokittylover,99,1448,61,0,159800,0,FALSE,FALSE,FALSE,FALSE
7.45591E+18,79,scarsalt5,,isaiah the lamp,7,111,14,6,161,0,FALSE,FALSE,FALSE,FALSE
7.18756E+18,80,jj_clark_40,,‚öΩÔ∏èJJ Clark‚öΩÔ∏è,71,259,42,0,1748,0,TRUE,TRUE,FALSE,FALSE
7.45771E+18,81,gavinashley88,,gavinashley88,81,236,457,5,2347,0,FALSE,FALSE,FALSE,FALSE
7.3712E+18,82,cole.szekely,,Cole Szekely,21,138,0,0,809,0,FALSE,FALSE,FALSE,FALSE
7.53844E+18,83,urmom123521,,‚Äî/\‚Äî/\‚Äî,3,53,0,0,206,0,FALSE,FALSE,FALSE,FALSE
7.52373E+18,84,mat05734,,Mat,82,512,70,3,3898,0,FALSE,FALSE,FALSE,FALSE
7.49103E+18,85,echohornet,,Rowan,33,342,18,5,1230,0,FALSE,FALSE,FALSE,FALSE
7.38022E+18,86,tilly.edits1,,TillyEdits,443,72,9315,33,1009,0,FALSE,FALSE,FALSE,FALSE
7.39099E+18,87,lucaspm444,,Lucas,11,157,0,0,332,0,FALSE,FALSE,FALSE,FALSE
7.11854E+18,88,actionmoore3,,Action Moore,38,601,200,18,5816,0,FALSE,FALSE,FALSE,FALSE
7.10039E+18,89,jacobsfam4674,,tutle14,75,497,0,0,14500,0,TRUE,TRUE,FALSE,FALSE
7.18872E+18,90,jimmyc_1510,,Jimmy,1569,6175,4805,0,31700,0,FALSE,FALSE,FALSE,FALSE
6.928E+18,91,deitaroblox,,DeltaRBLX,154,1930,2175,245,1016,0,FALSE,FALSE,FALSE,FALSE
6.82704E+18,92,dylancollins047,,Dylan Collins,369,8648,6,1,4019,0,TRUE,TRUE,FALSE,FALSE
7.28106E+18,93,ston0445,,Ston,18,62,0,0,8220,0,FALSE,FALSE,FALSE,FALSE
6.86879E+18,94,lucasgrams2,,Lucas Grams,38,174,0,0,9481,0,FALSE,FALSE,FALSE,FALSE
7.06431E+18,95,tzvis0,,Tzvi,63,438,13,0,5748,0,TRUE,TRUE,FALSE,FALSE
7.46101E+18,96,skyler.stephens6,,skyler stephens,62,92,0,0,621,0,FALSE,FALSE,FALSE,FALSE
7.55039E+18,97,benbikes100,,Cow boy peet,101,40,3695,42,140,0,FALSE,FALSE,FALSE,FALSE
7.25366E+18,98,leo_pepple,,Leo_Pepple,40,218,0,0,2088,0,FALSE,FALSE,FALSE,FALSE
7.27668E+18,99,baby_grinch_wit_a_gen5,,baby_grinch_wit_a_gen5,31,487,0,0,12500,0,FALSE,FALSE,FALSE,FALSE
7.37124E+18,100,steven41983,,steven41983,134,611,0,0,31200,0,TRUE,TRUE,FALSE,FALSE
7.24696E+18,101,ris3nx84,,Ris3nx,10,282,0,0,6884,0,FALSE,FALSE,FALSE,FALSE
7.24915E+18,102,certkurisu,,CertKurisu,29,88,0,0,1118,0,FALSE,FALSE,FALSE,FALSE
6.82393E+18,103,chevytrap,,Connor May,105,775,64,2,6363,0,FALSE,FALSE,FALSE,FALSE
7.36271E+18,104,xzzxzxzxxzxxxzzxxzx,,üßêüßêüßê,14,104,0,0,3571,0,TRUE,TRUE,FALSE,FALSE
7.30599E+18,105,duffie14,,duffie,932,305,253300,28,3578,0,FALSE,FALSE,FALSE,FALSE
7.38896E+18,106,ryanvorgs001,,Ryan,42,60,0,0,19300,0,FALSE,FALSE,FALSE,FALSE
7.51639E+18,107,nolannn_14,,Nolskr,98,1002,0,0,20400,0,FALSE,FALSE,FALSE,FALSE
7.56082E+18,108,jamseywamsey55,RED,James.fisher,29,39,53,1,2735,0,FALSE,FALSE,FALSE,FALSE
7.50077E+18,109,ilovelinkinpark86,,phattie34!!!!!!,489,113,33000,52,23800,0,FALSE,FALSE,FALSE,FALSE
7.29001E+18,110,tallkid_sings,,tallkid_sings,159,2601,511,1,4263,0,FALSE,FALSE,FALSE,FALSE
7.55808E+18,111,felixwood17,,Felizo,109,153,17,0,472,0,FALSE,FALSE,FALSE,FALSE
7.29927E+18,112,sandtax,,Sandtax,63,491,158,0,12800,0,FALSE,FALSE,FALSE,FALSE
7.44979E+18,113,daniel_lbx18,,Daniel,220,3646,0,0,4220,0,FALSE,FALSE,FALSE,FALSE
7.50699E+18,114,lola38413,,Lola‚ú®,313,197,4345,111,15000,0,FALSE,FALSE,FALSE,FALSE
7.22415E+18,115,drewloskove,,Andrew,50,60,0,0,2887,0,TRUE,TRUE,FALSE,FALSE
7.3033E+18,116,ayden_johnson19,,Aydenüèíü•Ö,416,847,113,2,3358,0,FALSE,FALSE,FALSE,FALSE
7.009E+18,117,ryan_swivet,,Ryan Bione,57,93,22,1,6441,0,FALSE,FALSE,FALSE,FALSE
7.20863E+18,118,gradyowens4,,grady owens,50,70,0,0,158,0,FALSE,FALSE,FALSE,FALSE
7.55161E+18,119,theupnorth_prboy,,TheUpNorth_PRBoy,8,159,100,13,751,0,FALSE,FALSE,FALSE,FALSE
7.5361E+18,120,as.drastic,,AS | Drastic,63,316,584,19,3298,0,FALSE,FALSE,FALSE,FALSE
7.22543E+18,121,tatecollier,,tatecollier,20,193,0,0,39,0,FALSE,FALSE,FALSE,FALSE
7.12519E+18,122,mr.tophat_7,RED,Mr.tophat,8,1000,0,0,77700,0,TRUE,TRUE,FALSE,FALSE
7.09773E+18,123,sam_roshek,,Sam Roshek23,71,1211,0,0,29800,0,FALSE,FALSE,FALSE,FALSE
6.95339E+18,124,dat6.6dirtymax,,2015 Chevy Silveradoü¶Ü,3216,530,57100,12,4137,0,FALSE,FALSE,FALSE,FALSE
7.25509E+18,125,braythebeast590,,BrayTheBeast,120,221,0,0,42100,0,FALSE,FALSE,FALSE,FALSE
7.40763E+18,126,ieatdirt785,,ieatdirt,58,118,345,6,213,0,FALSE,FALSE,FALSE,FALSE
7.26166E+18,127,brenden.michaell,,Brenden,155,441,22,0,7639,0,FALSE,FALSE,FALSE,FALSE
7.01387E+18,128,19_miata_90,,shlermer_zaltsman,30,380,75,13,443,0,FALSE,FALSE,FALSE,FALSE
7.34672E+18,129,egg.boy20,,Egg Boy,11,139,0,0,427,0,FALSE,FALSE,FALSE,FALSE
7.43658E+18,130,luca..pet,,luca,75,52,4195,0,1010,0,FALSE,FALSE,FALSE,FALSE
7.3631E+18,131,epicaxolotl1,,Evie,6,630,0,0,4071,0,FALSE,FALSE,FALSE,FALSE
7.2755E+18,132,ben.co01,,ben.c,170,462,228,0,5130,0,TRUE,TRUE,FALSE,FALSE
6.64654E+18,133,maddox_s57,,Maddox,229,488,292,4,30400,0,FALSE,FALSE,FALSE,FALSE
7.52675E+18,134,ari.super.secret10,,Ari!!,101,978,631,3,12700,0,FALSE,FALSE,FALSE,FALSE
7.29963E+18,135,carmellatte5,,Eczema,12,338,0,0,3760,0,TRUE,TRUE,FALSE,FALSE
7.47406E+18,136,eli.johson,,Farthead3000 ‚Ä¢ following,110,56,0,0,42700,0,FALSE,FALSE,FALSE,FALSE
7.50934E+18,137,theapplecollector4,,TheAppleCollector,34,314,0,0,6597,0,FALSE,FALSE,FALSE,FALSE
7.56015E+18,138,travis.j.williams,,travis.j.williams,32,46,373,28,383,0,FALSE,FALSE,FALSE,FALSE
7.50707E+18,139,shaydenjohnson4,,Ô∏èShayden,216,543,355,6,10400,0,TRUE,TRUE,FALSE,FALSE
7.54695E+18,140,boogieman6786,,boogieman678,11,64,0,0,147,0,FALSE,FALSE,FALSE,FALSE
7.05137E+18,141,moneymindset771,,moneymindset771,9196,1247,205,25,4239,0,FALSE,FALSE,FALSE,FALSE
7.55811E+18,142,ryanhuo2012,,ry4n,52,66,68,2,5080,0,FALSE,FALSE,FALSE,FALSE
7.58314E+18,143,natethegreat476,,ieatdirt,28,126,2,1,76,0,FALSE,FALSE,FALSE,FALSE
7.51324E+18,144,hudsonwooster222,,Official_buzzcutbandit,290,838,8920,83,14800,0,FALSE,FALSE,FALSE,FALSE
7.5509E+18,145,milesmc_edits,,milesmc_edits,869,1137,2082,42,1087,0,FALSE,FALSE,FALSE,FALSE
7.44462E+18,146,shuakatz,,shua_katz,37,405,65,25,3643,0,FALSE,FALSE,FALSE,FALSE
7.26691E+18,147,johnnyhemberger,,johnnyhemberger,58,96,17,1,219,0,TRUE,TRUE,FALSE,FALSE
7.31463E+18,148,vikingjoee,,Viking Joe,7,36,0,0,342,0,FALSE,FALSE,FALSE,FALSE
7.28955E+18,149,daniel_garcia_001,,Daniel Garcia,1449,211,45,1,10000,0,FALSE,FALSE,FALSE,FALSE
7.52933E+18,150,ethanhertling7,RED,Ethan,38,34,0,0,217,0,FALSE,FALSE,FALSE,FALSE
7.52223E+18,151,liam.durag,,Liam Durag,21,61,0,0,4757,0,FALSE,FALSE,FALSE,FALSE
7.25273E+18,152,nolan......9,,Nolan,124,255,265,0,2464,0,FALSE,FALSE,FALSE,FALSE
7.54238E+18,153,samhill536,,itsme,4,125,0,0,4862,0,FALSE,FALSE,FALSE,FALSE
7.29851E+18,154,thatsmyguyeli,,Ô∏è,27,455,251,11,27700,0,TRUE,TRUE,FALSE,FALSE
7.56863E+18,155,adam.pucci7,,Adam Pucci,23,214,9,2,204,0,FALSE,FALSE,FALSE,FALSE
7.19276E+18,156,matthewmariglianogolf,,matthewmarigliano,113,59,565,11,746,0,FALSE,FALSE,FALSE,FALSE
7.14636E+18,157,captainchromosome88,,Karmacookie05,217,48,28,0,3688,0,FALSE,FALSE,FALSE,FALSE
7.51349E+18,158,donovanhowes2,,donovanhowes,38,80,93,7,3602,0,FALSE,FALSE,FALSE,FALSE
7.56268E+18,159,billybob67677,,Billy Bob,8,48,0,0,92,0,FALSE,FALSE,FALSE,FALSE
7.57201E+18,160,sharkrtm09w,,shark,39,71,23,2,363,0,TRUE,TRUE,FALSE,FALSE
6.94813E+18,161,kmf_xrthegreat9118,,~KMF> XRTheGreat,35,92,722,162,1818,0,FALSE,FALSE,FALSE,FALSE
7.12547E+18,162,eli.sim10,,Eli Sim,182,354,386,4,1243,0,FALSE,FALSE,FALSE,FALSE
7.13334E+18,163,luke.r306,,Luke,64,136,93,3,11000,0,FALSE,FALSE,FALSE,FALSE
7.23401E+18,164,juicewrldfan_21,,JuiceWrldFan999forever,133,1206,1787,39,11400,0,FALSE,FALSE,FALSE,FALSE
7.32859E+18,165,michaelcharlesgallardo,,michaelcharlesgallardo,245,81,2488,0,10600,0,FALSE,FALSE,FALSE,FALSE
7.27705E+18,166,user2839939231906,RED,user2839939231906,13,56,0,0,519,0,FALSE,FALSE,FALSE,FALSE
7.37076E+18,167,real_lw1239,,real_lw,30,258,256,10,1064,0,FALSE,FALSE,FALSE,FALSE
7.33563E+18,168,calebhasty2,,caleb,19,479,2,0,1126,0,FALSE,FALSE,FALSE,FALSE
7.48508E+18,169,yougotmail04,,5 more mins,60,397,29,11,453,0,FALSE,FALSE,FALSE,FALSE
7.43354E+18,170,monkeyeye564,,That_monkey_guy,13,45,43,2,794,0,FALSE,FALSE,FALSE,FALSE
7.56126E+18,171,avenir_xeditz,,.,66,79,49,2,374,0,FALSE,FALSE,FALSE,FALSE
7.26175E+18,172,hezzy.brown,,Hezzy.Brownn,189,387,37,1,699,0,FALSE,FALSE,FALSE,FALSE
7.32076E+18,173,agamerguy4,,Ô∏è,847,2724,0,0,10600,0,FALSE,FALSE,FALSE,FALSE
7.50856E+18,174,interviewswithowen1,,Owen‚Äôs Interviews,100,1361,22,2,14500,0,TRUE,TRUE,FALSE,FALSE
7.57375E+18,175,walmartpole627,,Levi,9,21,53,3,88,0,FALSE,FALSE,FALSE,FALSE
7.4123E+18,176,a_jack44,,Austinjacküá∫üá∏ü¶Ö,22,290,0,0,2332,0,TRUE,TRUE,FALSE,FALSE
7.43028E+18,177,arthuriks1,,arthuriks1,902,1515,2142,44,11300,0,FALSE,FALSE,FALSE,FALSE
7.00045E+18,178,yaboiale1,,Alejandro/Alex,431,428,127,0,4979,0,TRUE,TRUE,FALSE,FALSE
7.42946E+18,179,virtual_soulss,RED,-ro_rosky,300,6711,19400,25,67600,0,FALSE,FALSE,FALSE,FALSE
18528709,180,yoshianddash,GREEN,yoshianddash,48,1139,0,0,10900,0,FALSE,FALSE,FALSE,FALSE
6.95407E+18,181,jaydenbarash0,,Jaydenbarash,95,120,0,0,970,0,FALSE,FALSE,FALSE,FALSE
6.8666E+18,182,joeldayoungan,,Imdatü•∑üèø,17700,9866,236600,0,103700,0,FALSE,FALSE,FALSE,FALSE
7.01991E+18,183,kennethdarger,,kennethdarger,115,378,0,0,4581,0,FALSE,FALSE,FALSE,FALSE
7.56641E+18,184,im.a.ballin.mf,,im a ballin mf,230,970,1520,205,10500,0,FALSE,FALSE,FALSE,FALSE
7.40754E+18,185,marinaw2495proudmasry,,marinaŸÖÿßÿ±ŸäŸÜÿßcopt‚ôæÔ∏èüá™üá¨‚úùÔ∏èüá∞üáºüéº,196,432,4554,170,78200,0,FALSE,FALSE,FALSE,FALSE
7.27624E+18,186,socc3rruls575,RED,Socc3rruls575,21,141,488,12,1912,0,FALSE,FALSE,FALSE,FALSE
7.48611E+18,187,moldy.sandwich3,,moldysandwich29,0,10,0,0,18,0,TRUE,TRUE,FALSE,FALSE
7.38781E+18,188,quix034,RED,Quix,456,986,1255,8,47200,0,FALSE,FALSE,FALSE,FALSE
7.50072E+18,189,frigginpacketyo,,frigginpacketyo,41,135,1086,9,12900,0,FALSE,FALSE,FALSE,FALSE
7.02712E+18,190,tmoon95369,,TM,190,723,756,154,6593,0,FALSE,FALSE,FALSE,FALSE
7.45057E+18,191,imhappy_finally,,"im happy, finally",46,97,0,0,1117,0,FALSE,FALSE,FALSE,FALSE
6.74144E+18,192,millerxshot,,Trey,1618,1608,4647,0,42600,0,FALSE,FALSE,FALSE,FALSE
7.1281E+18,193,devypoo0912,,Devynü´ß,27,264,0,0,75000,0,TRUE,TRUE,FALSE,FALSE
7.47165E+18,194,jhonothan69,,Ô∏èLevi,174,102,76,5,6322,0,FALSE,FALSE,FALSE,FALSE
7.50848E+18,195,928unknown3,,Ô∏è,486,775,386,23,1268,0,FALSE,FALSE,FALSE,FALSE
7.5676E+18,196,gphoks3,,gphoks,14,22,12,1,318,0,FALSE,FALSE,FALSE,FALSE
7.52342E+18,197,marinamwh42a916,,MarinaWahba4981162523,62,424,73,6,626,0,FALSE,FALSE,FALSE,FALSE
7.53566E+18,198,drewjones660,,Drew Jones,39,164,0,0,213,0,TRUE,TRUE,FALSE,FALSE
7.36757E+18,199,11.jb.44,,jb11,134,1442,108,0,1506,0,TRUE,TRUE,FALSE,FALSE
7.5848E+18,200,braicano,,braicano,0,19,0,0,987,0,FALSE,FALSE,FALSE,FALSE
7.29002E+18,201,jonas22154,RED,jonas,0,134,0,0,1104,0,TRUE,TRUE,FALSE,FALSE
6.8306E+18,202,0nly_emmanu3l,,Emmanuel,16100,74,104600,0,57400,0,FALSE,FALSE,FALSE,FALSE
7.43464E+18,203,diego46815,,Daniel,67,539,0,0,2166,0,FALSE,FALSE,FALSE,FALSE
7.39429E+18,204,thomashifuchi,,Nobody,4,66,103,2,382,0,FALSE,FALSE,FALSE,FALSE
7.34745E+18,205,theonewhoasked76,,Joe mama,2,113,25,2,2553,0,TRUE,TRUE,FALSE,FALSE
7.02684E+18,206,boogerrmann,,BoogerMan,237,1874,1426,40,17100,0,FALSE,FALSE,FALSE,FALSE
7.53899E+18,207,one.guy440,,TBB Rocko,469,6056,439,22,9506,0,FALSE,FALSE,FALSE,FALSE
7.37123E+18,208,parcano,,parcano,64,1985,0,0,16000,0,TRUE,TRUE,FALSE,FALSE
7.49264E+18,209,benjibot67,,benjibot67,74,466,0,0,9694,0,FALSE,FALSE,FALSE,FALSE
7.57035E+18,210,masonzak11,,MasonZak11,190,264,116,2,3008,0,FALSE,FALSE,FALSE,FALSE
7.38159E+18,211,justusmelchi,,Justus Melchi,62,98,0,0,4302,0,FALSE,FALSE,FALSE,FALSE
7.1081E+18,212,lwanamaker5,,Loganwanamaker5,461,1304,3963,0,70500,0,TRUE,TRUE,FALSE,FALSE
7.23945E+18,213,maskel482,,Mas,14,95,0,0,1037,0,TRUE,TRUE,FALSE,FALSE
7.29302E+18,214,bradtradesab,RED,btrades,70,525,26,22,1393,0,FALSE,FALSE,FALSE,FALSE
7.40376E+18,215,farmer.dave3.0dohc,,farmer Dave,97,309,769,46,3765,0,FALSE,FALSE,FALSE,FALSE
7.51551E+18,216,jamesonpostsclips,,Jameson,1219,161,92,2,2484,0,FALSE,FALSE,FALSE,FALSE
7.12622E+18,217,justin_1.37,,Ô∏èJustin‚úü‚úû,72,622,2,0,2215,0,FALSE,FALSE,FALSE,FALSE
7.44082E+18,218,a3kend,,a3kend,11,20,0,0,704,0,FALSE,FALSE,FALSE,FALSE
7.01535E+18,219,twinstar_12,,Surya Senthilkumar,84,938,0,0,31800,0,TRUE,TRUE,FALSE,FALSE
7.2969E+18,220,adventuresoftunnelvision,,The Adventures Of Tunnelvision,38,33,45,1,3448,0,FALSE,FALSE,FALSE,FALSE
7.43305E+18,221,brycenn10,,brycen,68,65,69,1,8974,0,FALSE,FALSE,FALSE,FALSE
6.96681E+18,222,mr.jmoses,,Janu,360,1456,4298,6,3054,0,FALSE,FALSE,FALSE,FALSE
7.28979E+18,223,kingaura1117,,kingaura111,11,154,0,0,1466,0,FALSE,FALSE,FALSE,FALSE
7.53583E+18,224,liluri10,,1,16,461,29,0,5901,0,FALSE,FALSE,FALSE,FALSE
6.98449E+18,225,austincimino875,,Austin,2607,9233,677,87,18000,0,FALSE,FALSE,FALSE,FALSE
6.78494E+18,226,bladenhoene,,BladenHoene,1171,172,1763,95,1750,0,FALSE,FALSE,FALSE,FALSE
7.52125E+18,227,user4877519480227,,Zach,15,27,1,0,218,0,FALSE,FALSE,FALSE,FALSE
7.43107E+18,228,_.paston._,,_.paston._,33,234,0,0,5020,0,TRUE,TRUE,FALSE,FALSE
6.96311E+18,229,kingaaron4062,,kingaaron4062,3869,8748,16500,457,29000,0,FALSE,FALSE,FALSE,FALSE
7.44107E+18,230,kari.luv8,,kari luv,21,164,0,0,7608,0,FALSE,FALSE,FALSE,FALSE
7.42931E+18,231,mason_pelletier,,mason,137,365,295,31,355,0,FALSE,FALSE,FALSE,FALSE
7.27089E+18,232,chosen.onemustafa,,Ô∏èMustafa,237,2562,1405,1,10900,0,FALSE,FALSE,FALSE,FALSE
6.95915E+18,233,e.moto_stuntz,,E-Moto Stuntz,121,896,1369,6,11000,0,FALSE,FALSE,FALSE,FALSE
7.07916E+18,234,anth0ny2trim1629,,ùï¨ùñìùñôùñçùñì0ùñìùñû üèÄüá≤üáΩ,856,1891,4153,28,24900,0,TRUE,TRUE,FALSE,FALSE
7.58784E+18,235,smileys.xxx,,Smileys Xxx,70,357,28,4,382,0,FALSE,FALSE,FALSE,FALSE
7.43364E+18,236,waitisthatajj,,waitisthatajj,171,620,959,24,2550,0,FALSE,FALSE,FALSE,FALSE
7.31334E+18,237,user5354223,,Ô∏è,53,272,0,0,1250,0,FALSE,FALSE,FALSE,FALSE
6.79236E+18,238,rrtjp1,,RRTJP1,56,969,2149,0,8485,0,TRUE,TRUE,FALSE,FALSE
7.16492E+18,239,shane.hi_,RED,shane,77,688,178,3,10100,0,FALSE,FALSE,FALSE,FALSE
7.45063E+18,240,ashranfvu3a,,Ashraf,33,57,0,0,6713,0,FALSE,FALSE,FALSE,FALSE
7.29884E+18,241,williamjohnson8562,,william,17,114,3,2,556,0,FALSE,FALSE,FALSE,FALSE
7.5574E+18,242,zxqizz1_1,,Zxqizz,217,317,662,1,9283,0,FALSE,FALSE,FALSE,FALSE
7.34039E+18,243,sputnick63,,Tanner,34,38,0,0,103,0,FALSE,FALSE,FALSE,FALSE
7.51472E+18,244,oliversoloaccount,,üëΩ,92,193,57,2,1912,0,FALSE,FALSE,FALSE,FALSE
7.56722E+18,245,braelen62,,Braelen,5,41,0,0,76,0,FALSE,FALSE,FALSE,FALSE
7.12487E+18,246,i_8_ate_ur_food,,i_8_ate_ur_food,113,193,291,0,2871,0,FALSE,FALSE,FALSE,FALSE
7.10221E+18,247,sam_sungsammy,,samsung.,808,467,63600,166,16900,0,FALSE,FALSE,FALSE,FALSE
7.44473E+18,248,themexicanguy17,,themexicanguy17,35,214,606,9,17600,0,FALSE,FALSE,FALSE,FALSE
7.44958E+18,249,jesuki98,,jesuki98,20,163,0,0,655,0,FALSE,FALSE,FALSE,FALSE
7.13416E+18,250,freemoney583,,Bobthebuildersimp500,22,346,357,4,9315,0,FALSE,FALSE,FALSE,FALSE
7.41806E+18,251,brodynicolaisen1,,brodynicolaisen1,113,554,0,0,5927,0,FALSE,FALSE,FALSE,FALSE
7.17034E+18,252,tatecanfield,PURPLE,k1ngcanman,45,332,0,0,22200,0,FALSE,FALSE,FALSE,FALSE
7.11337E+18,253,krazicorg1,,Krazicorg,70,118,170,22,9245,0,FALSE,FALSE,FALSE,FALSE
6.8989E+18,254,endman54321,,·íçO·îï·ïº,32,262,4,1,2140,0,FALSE,FALSE,FALSE,FALSE
6.75525E+18,255,dr.cheels,,dr.cheels,74,1888,9,1,169600,0,TRUE,TRUE,FALSE,FALSE
7.41575E+18,256,jumbospider39,,jumbospider39,73,482,297,27,7104,0,FALSE,FALSE,FALSE,FALSE
7.47124E+18,257,ekni555,,ekni12,43,794,0,0,551,0,FALSE,FALSE,FALSE,FALSE
7.2857E+18,258,brandonj4147,,brandon jeon,126,235,0,0,27500,0,TRUE,TRUE,FALSE,FALSE
7.40234E+18,259,yohan2477forlife,,yohan2477forlife,1,215,14,5,1348,0,TRUE,TRUE,FALSE,FALSE
7.54566E+18,260,brandon.wheele,,Brandon Wheele,194,600,346,12,900,0,FALSE,FALSE,FALSE,FALSE
7.07147E+18,261,..rhett,,rhett,181,144,1184,4,11800,0,FALSE,FALSE,FALSE,FALSE
7.50375E+18,262,brookz731,,Ô∏èbro0kzüòÆ,65,793,210,5,120,0,FALSE,FALSE,FALSE,FALSE
7.02532E+18,263,ethanjbf,,EthanJBF,190,1618,0,0,457000,0,TRUE,TRUE,FALSE,FALSE
7.46226E+18,264,bowie.marrie,,Bowie Marrie,8,354,0,0,9370,0,TRUE,TRUE,FALSE,FALSE
7.32076E+18,265,paytenbambargerlovesgod,,paytenbambargerlovesgod,94,382,46,6,3580,0,FALSE,FALSE,FALSE,FALSE
7.54786E+18,266,lincolnhall568,RED,ü´îLincolnü´î,73,841,34,7,2538,0,TRUE,TRUE,FALSE,FALSE
7.22063E+18,267,christianhogan1,,Christian4,160,612,0,0,17400,0,FALSE,FALSE,FALSE,FALSE
7.25876E+18,268,cmccool_,,Connor M,192,261,564,6,1678,0,FALSE,FALSE,FALSE,FALSE
7.42611E+18,269,kobi_sc,,Kobi‚úùÔ∏èüèÄ,137,1190,116,3,47500,0,FALSE,FALSE,FALSE,FALSE
7.11075E+18,270,abe2am,,Lincoln Gordon,38,212,6,1,6391,0,TRUE,TRUE,FALSE,FALSE
7.53789E+18,271,willinman25,,Will,32,68,186,11,19000,0,TRUE,TRUE,FALSE,FALSE
7.11034E+18,272,aidan.pieks,,Aidan Piekutoski,207,1216,0,0,110900,0,FALSE,FALSE,FALSE,FALSE
7.37076E+18,273,chasewilkinson33,,Chase,78,273,919,15,2714,0,FALSE,FALSE,FALSE,FALSE
7.39935E+18,274,jadeknedle1,,jade,465,1011,3842,14,10300,0,FALSE,FALSE,FALSE,FALSE
7.5187E+18,275,im_the_blood_guy,,ùô≥ùöéùö°ùöùùöéùöõ,592,152,32300,62,2757,0,FALSE,FALSE,FALSE,FALSE
7.11452E+18,276,payt0n__l,,Payton,174,2584,562,0,28300,0,TRUE,TRUE,FALSE,FALSE
7.16772E+18,277,eli.pianin,,Ô∏éEli,197,5821,0,0,10000,0,FALSE,FALSE,FALSE,FALSE
7.46113E+18,278,maxlovesjesus777,RED,‚ò¶Ô∏èmaxüèà,37,15,82,23,451,0,FALSE,FALSE,FALSE,FALSE
7.21422E+18,279,john.pham777,,John Pham,49,401,0,0,4108,0,TRUE,TRUE,FALSE,FALSE
7.03798E+18,280,matthewslife1705,,matthewslife1705,214,1200,64,2,6033,0,FALSE,FALSE,FALSE,FALSE
7.18094E+18,281,jie_mingl,BLUE,Ming,136,388,57,0,2513,0,TRUE,TRUE,FALSE,FALSE
7.2231E+18,282,kabob542,,KABOB542,278,3157,10600,14,42100,0,FALSE,FALSE,FALSE,FALSE
7.17808E+18,283,trickstaa899,,Ô∏è,48,197,24,15,7954,0,TRUE,TRUE,FALSE,FALSE
7.21949E+18,284,carterschmicker,,Carter Schmicker,50,41,136,4,433,0,TRUE,TRUE,FALSE,FALSE
7.25622E+18,285,awesomeairkicks,,AwesomeAirKicks,14,183,0,0,397,0,FALSE,FALSE,FALSE,FALSE
7.04028E+18,286,tomatosoupisgrosss,,Sam Norris,93,833,0,0,44600,0,FALSE,FALSE,FALSE,FALSE
7.5748E+18,287,notion737836,,Notion,2,62,0,0,2128,0,TRUE,TRUE,FALSE,FALSE
7.14271E+18,288,lukenelle,,lukenelle,122,270,0,0,114800,0,TRUE,TRUE,FALSE,FALSE
7.39532E+18,289,farzahn21,,farzahn21,119,203,797,0,2424,0,FALSE,FALSE,FALSE,FALSE
7.3519E+18,290,joshuazimmer0,,josh,63,1440,0,0,38800,0,TRUE,TRUE,FALSE,FALSE
7.18893E+18,291,lauren_cotto,,lauren,325,775,1207,2,70700,0,TRUE,TRUE,FALSE,FALSE
7.53777E+18,292,jorgenspookie,,j√∏rgens pookie wookie,8,160,0,0,1279,0,FALSE,FALSE,FALSE,FALSE
7.46104E+18,293,trash_receptacle69,,trashbin,15,196,117,5,15700,0,FALSE,FALSE,FALSE,FALSE
7.30704E+18,294,levioglesby2,,Levi Oglesby,1142,2510,320400,1,52200,0,FALSE,FALSE,FALSE,FALSE
6.91773E+18,295,xd_bobby_boy,,sultan,91,570,0,0,12200,0,FALSE,FALSE,FALSE,FALSE
6.91815E+18,296,machew99,,Machew,177,10000,0,0,466500,0,TRUE,TRUE,FALSE,FALSE
7.12405E+18,297,sophiavyas_dance,,‚Ä¢Sophia‚Ä¢,1454,446,18000,104,10400,0,FALSE,FALSE,FALSE,FALSE
6.70929E+18,298,dilleybar1,,Person,133,642,983,8,407500,0,FALSE,FALSE,FALSE,FALSE
6.81227E+18,299,big_chungus_ofg,,Big_Chungus_OFG,87,782,0,0,8941,0,FALSE,FALSE,FALSE,FALSE
7.56646E+18,300,cupcakecandypow,,angelina D,28,128,77,6,7535,0,TRUE,TRUE,FALSE,FALSE
7.15178E+18,301,owen_.___.__,,OwenFreemannn,65,468,131,0,8857,0,FALSE,FALSE,FALSE,FALSE
7.54594E+18,302,y3ll0w46,,Y3ll0W,95,25,1361,60,2899,0,FALSE,FALSE,FALSE,FALSE
7.06143E+18,303,ethanvega99,,Ethanbtw,58,885,13,3,1011,0,TRUE,TRUE,FALSE,FALSE
6.9188E+18,304,ryleebaal,,Rylee.B,450,908,167,0,35300,0,FALSE,FALSE,FALSE,FALSE
7.01499E+18,305,n.o.t.r.a.g.e.b.a.i.t,,Oogie_Boogie,597,1190,57,1,9166,0,FALSE,FALSE,FALSE,FALSE
6.90905E+18,306,clt.explored,,clt.explored,1821,331,160200,375,46000,0,FALSE,FALSE,FALSE,FALSE
7.55214E+18,307,paxoplutonium238,,‚èèÔ∏èüé∫‚Äî[PaxoLax]‚Äîüé∫‚èèÔ∏è,30,49,9,1,249,0,FALSE,FALSE,FALSE,FALSE
7.33083E+18,308,carsonc_locked_in,,Carson,351,486,1201,9,10900,0,FALSE,FALSE,FALSE,FALSE
7.45025E+18,309,lol367145,,lol367,27,138,0,0,247,0,FALSE,FALSE,FALSE,FALSE
7.26619E+18,310,trazzy_peak,,Trazzy (DD),83,1476,3399,19,4010,0,FALSE,FALSE,FALSE,FALSE
6.7645E+18,311,lucas.sull,BLUE,Lucas,162,1131,154,0,62000,0,FALSE,FALSE,FALSE,FALSE
7.12693E+18,312,titus.tapley,,titus tapley,164,385,665,6,26200,0,FALSE,FALSE,FALSE,FALSE
7.4459E+18,313,dextilt,,Ô∏è,142,42,276,0,2362,0,FALSE,FALSE,FALSE,FALSE
7.40064E+18,314,rhythmgameplayer7,,Eve,53,159,1826,66,793,0,FALSE,FALSE,FALSE,FALSE
7.02652E+18,315,ej6x.a11,,üéÖ,136,239,1122,29,3730,0,FALSE,FALSE,FALSE,FALSE
7.49995E+18,316,fangirl5791,,fangirl5791,33,238,35,1,6261,0,FALSE,FALSE,FALSE,FALSE
7.18052E+18,317,justemmari,,Em ü´∂,410,312,3851,1,104400,0,FALSE,FALSE,FALSE,FALSE
7.47887E+18,318,noahj_1224,,Noahj1224,76,196,387,5,10700,0,FALSE,FALSE,FALSE,FALSE
7.39981E+18,319,aid.sweet,,aid sweet,17,62,4,1,7041,0,TRUE,TRUE,FALSE,FALSE
7.01207E+18,320,sam_mdjmf,,Sam,495,724,84200,2,4438,0,FALSE,FALSE,FALSE,FALSE
7.18647E+18,321,dovey._.starz,,dovey._.starz,0,101,0,0,10700,0,TRUE,TRUE,FALSE,FALSE
7.36936E+18,322,daniellaflor39,RED,daniella ‚úû,260,187,401,2,15900,0,FALSE,FALSE,FALSE,FALSE
6.72227E+18,323,meyer_purm,,Meyer,445,442,532,1,267600,0,FALSE,FALSE,FALSE,FALSE
7.26403E+18,324,grayson.vaclavik,,grayson,481,4430,0,0,162400,0,FALSE,FALSE,FALSE,FALSE
7.33478E+18,325,holden_99,,Holden,46,542,23,3,14500,0,FALSE,FALSE,FALSE,FALSE
7.47113E+18,326,sam_turner_55,,Sam,353,440,2769,25,17700,0,TRUE,TRUE,FALSE,FALSE
1.83903E+17,327,jamesbogdanowicz,,James,201,1317,4043,26,13400,0,TRUE,TRUE,FALSE,FALSE
7.50964E+18,328,not.a.yn7,,Drew Mabey a jew,71,470,0,0,22100,0,FALSE,FALSE,FALSE,FALSE
6.528E+18,329,natalia.anania,,natalia,510,471,22700,2,37800,0,TRUE,TRUE,FALSE,FALSE
7.37525E+18,330,benet8772,,Benneyyyy,245,143,0,0,17800,0,FALSE,FALSE,FALSE,FALSE
7.4714E+18,331,molly50511,,Molly,0,27,0,0,359,0,TRUE,TRUE,FALSE,FALSE
7.22687E+18,332,homiemaker451,,homiemaker45,20,112,0,0,3684,0,FALSE,FALSE,FALSE,FALSE
7.41694E+18,333,carsonbassingthwaite,,Carson5554,7,23,0,0,175,0,TRUE,TRUE,FALSE,FALSE
6.74039E+18,334,wsylent,,connor,12400,1726,67900,3,83000,0,FALSE,FALSE,FALSE,FALSE
7.47145E+18,335,kiore66,,kiore66,59,205,349,24,3438,0,FALSE,FALSE,FALSE,FALSE
7.28211E+18,336,inkhearttt7,,Jamez üáµüá∏,440,1754,67400,0,136900,0,FALSE,FALSE,FALSE,FALSE
7.07923E+18,337,jozefdshs,,Ô∏è,122,844,0,0,41500,0,FALSE,FALSE,FALSE,FALSE
7.54236E+18,338,sm0kedope2007,,sm0kedope2007,157,415,638,20,6499,0,FALSE,FALSE,FALSE,FALSE
6.76264E+18,339,unliati,,‚†ÄAsh,84,2405,0,0,19400,0,TRUE,TRUE,FALSE,FALSE
7.47732E+18,340,potyp_,,potyp_,20,75,387,7,420,0,FALSE,FALSE,FALSE,FALSE
7.4097E+18,341,braydenhelmberger,,brayü•∏,306,1418,7821,336,80800,0,FALSE,FALSE,FALSE,FALSE
7.46993E+18,342,szaf15,,Sarita Zafereo,145,1234,0,0,9718,0,FALSE,FALSE,FALSE,FALSE
7.25304E+18,343,loganon30,RED,loganon30,78,4506,440,13,5917,0,TRUE,TRUE,FALSE,FALSE
7.56163E+18,344,howtotrainyour902,,WhoisEphy09‚ùìÔ∏è,17,112,130,12,469,0,FALSE,FALSE,FALSE,FALSE
6.83693E+18,345,gianas_p,,Giana,368,137,44100,27,93900,0,FALSE,FALSE,FALSE,FALSE
7.14477E+18,346,cj_124513,RED,üï∑Ô∏èCJüï∑Ô∏è,1262,1672,419,9,40400,0,FALSE,FALSE,FALSE,FALSE
7.17272E+18,347,elliot0966,,Elliot,108,1440,267,7,29500,0,FALSE,FALSE,FALSE,FALSE
6.9056E+18,348,trayray875,RED,Tray.lowkchill,41,2620,7,0,94100,0,FALSE,FALSE,FALSE,FALSE
7.07099E+18,349,m.e.s.e.r.n.a.m.e,,Me,26,442,45,2,2237,0,FALSE,FALSE,FALSE,FALSE
7.35743E+18,350,qazxtc,,twitch qazxtc,875,1745,34,2,1897,0,FALSE,FALSE,FALSE,FALSE
7.25654E+18,351,hunterrwyatt,RED,4Ô∏è‚É£5Ô∏è‚É£,225,622,130,0,12800,0,TRUE,TRUE,FALSE,FALSE
6.6503E+18,352,snazzy_420,,Snazzy,2311,668,420,0,13300,0,FALSE,FALSE,FALSE,FALSE
7.46803E+18,353,ty_spams08,,Ty,533,295,132900,111,41400,0,FALSE,FALSE,FALSE,FALSE
6.72161E+18,354,hugh_nz,,Hugh Marshall,28,427,0,0,17600,0,FALSE,FALSE,FALSE,FALSE
7.28142E+18,355,danielharvath,,danielharvath,3,6,0,0,127,0,FALSE,FALSE,FALSE,FALSE
7.3538E+18,356,jaden.taylor.3,,jaden,122,401,0,0,5680,0,FALSE,FALSE,FALSE,FALSE
7.42734E+18,357,mo.ynwa3,,YNWA‚ù§Ô∏è,23,110,121,3,1335,0,TRUE,TRUE,FALSE,FALSE
7.43735E+18,358,jzollinger21,,Jzollinger21,0,1,0,0,0,0,FALSE,FALSE,FALSE,FALSE
7.45287E+18,359,flagfellow,,flagfellow,20,261,10,1,13800,0,TRUE,TRUE,FALSE,FALSE
7.56754E+18,360,kanyewestlvr530,RED,Ô∏è,4,251,0,0,10600,0,TRUE,TRUE,FALSE,FALSE
7.47664E+18,361,edgar_idk177,,edgar_idk177,48,45,0,0,1215,0,FALSE,FALSE,FALSE,FALSE
7.26002E+18,362,malachi.p8,,Malachi.P,163,134,406,7,2140,0,FALSE,FALSE,FALSE,FALSE
7.46754E+18,363,kenzie.spams207,,kenzie pt2,73,1607,381,7,21300,0,FALSE,FALSE,FALSE,FALSE
7.12731E+18,364,grandmastrbaiter,,grandmastrbaiter,289,1049,5354,10,12700,0,FALSE,FALSE,FALSE,FALSE
6.79389E+18,365,dobiees_,,Dobies,478,391,16900,0,14000,0,FALSE,FALSE,FALSE,FALSE
7.15609E+18,366,bm61619999,,Brady616,32,993,11,1,61100,0,TRUE,TRUE,FALSE,FALSE
7.28437E+18,367,mystery_man_190,,Jim Steven,13,148,5,0,6494,0,FALSE,FALSE,FALSE,FALSE
7.52086E+18,368,fa1thless0w0,,fa1thless0w0,98,235,0,0,39600,0,TRUE,TRUE,FALSE,FALSE
7.38495E+18,369,jrlampa_,,jrlampa_,56,126,22,0,1638,0,TRUE,TRUE,FALSE,FALSE
7.51523E+18,370,loganharvath,,Logan Harvath,11500,5,164800,57,8,0,FALSE,FALSE,FALSE,FALSE
7.55054E+18,371,mini_figmaven,,‚úùÔ∏èbiggylegoboy‚úùÔ∏è,524,1666,2111,56,3418,0,FALSE,FALSE,FALSE,FALSE
7.18751E+18,372,cade__holder,,cade,296,1033,1116,1,51800,0,FALSE,FALSE,FALSE,FALSE
7.53458E+18,373,ashton.wertz5,,Ashton Wertz,5,19,0,0,1021,0,FALSE,FALSE,FALSE,FALSE
7.45394E+18,374,ralisthen1cs,,ranon thomas,100,299,3072,11,23900,0,FALSE,FALSE,FALSE,FALSE
7.37426E+18,375,lucas.bruce34,,Lucasbruce,113,277,339,22,2448,0,FALSE,FALSE,FALSE,FALSE
6.97665E+18,376,ryank.fr,,ryan k,93,85,0,0,1258,0,FALSE,FALSE,FALSE,FALSE
7.23511E+18,377,sammycakes6767,,sammycakes6767,96,735,0,0,5296,0,TRUE,TRUE,FALSE,FALSE
7.1356E+18,378,mack_coogan,,Mack,136,1112,0,0,210800,0,FALSE,FALSE,FALSE,FALSE
7.5886E+18,379,crapeger,,crapekirk,54,35,11600,17,0,0,FALSE,FALSE,FALSE,FALSE
7.48176E+18,380,stopitgetsomehelp115,,Corbin,151,397,0,0,1273,0,FALSE,FALSE,FALSE,FALSE
7.18235E+18,381,_connor_1012,,_connor_1012,228,647,0,6,3213,0,FALSE,FALSE,FALSE,FALSE
7.08958E+18,382,neyzinho327,,Neyzinho,145,2899,112,4,5647,0,FALSE,FALSE,FALSE,FALSE
7.36264E+18,383,combocrasher,,Elijah,60,99,113,17,949,0,FALSE,FALSE,FALSE,FALSE
7.33923E+18,384,mj951047,,Mjcookster,11,41,8,0,992,0,FALSE,FALSE,FALSE,FALSE
7.57789E+18,385,dmv.mickael,,üá∏üáªmickaelü•±ü§∑,47,145,44,2,2252,0,FALSE,FALSE,FALSE,FALSE
7.12746E+18,386,jaydan_017,,Jaydan_017,561,160,48,3,13900,0,FALSE,FALSE,FALSE,FALSE
7.28272E+18,387,saladshower,,SaladShower,233,1493,4739,436,6821,0,FALSE,FALSE,FALSE,FALSE
7.36537E+18,388,bashpop6,,Supachalupa63,60,871,27,0,27700,0,TRUE,TRUE,FALSE,FALSE
7.41373E+18,389,mackrion,,swar,109,442,0,0,37700,0,FALSE,FALSE,FALSE,FALSE
7.08298E+18,390,colton_14714,,colton_14714 lightning 8793 14,126,1332,2317,204,22800,0,FALSE,FALSE,FALSE,FALSE
7.56378E+18,391,jdem15,,Jackson,10,36,0,0,789,0,TRUE,TRUE,FALSE,FALSE
7.27405E+18,392,rohensnotreal,,rohen,318,1146,836,3,82900,0,FALSE,FALSE,FALSE,FALSE
7.06106E+18,393,willdixon_,,Will,165,656,47,0,91700,0,TRUE,TRUE,FALSE,FALSE
6.91775E+18,394,micahzum,,MicahZum,36,2145,0,0,39300,0,TRUE,TRUE,FALSE,FALSE
7.55974E+18,395,iblamejaden0,,Jaden,793,299,8723,15,15200,0,FALSE,FALSE,FALSE,FALSE
6.80557E+18,396,abtrostic,RED,BAJA BLAST,360,343,3391,11,48500,0,FALSE,FALSE,FALSE,FALSE
6.7497E+18,397,cpeters72,,Calan Peters,516,390,5866,5,104000,0,FALSE,FALSE,FALSE,FALSE
7.54708E+18,398,jackod.8,,jackod.8,84,242,38,1,5406,0,FALSE,FALSE,FALSE,FALSE
7.3733E+18,399,suvir.ravoor,RED,Suvir Ravoor,110,266,0,0,60000,0,TRUE,TRUE,FALSE,FALSE
6.99754E+18,400,username9163971978,,username9163971978,80,187,32,0,34800,0,FALSE,FALSE,FALSE,FALSE
7.58781E+18,401,user.errors3,,Idk,2,72,0,0,776,0,TRUE,TRUE,FALSE,FALSE
7.0349E+18,402,baked_egggs,,Baked eggs,32,199,16,1,5929,0,FALSE,FALSE,FALSE,FALSE
7.25245E+18,403,ethanm2900,,ethanm2900,66,386,0,0,57300,0,FALSE,FALSE,FALSE,FALSE
7.28516E+18,404,andre1.01,,andre,250,147,224,2,11000,0,FALSE,FALSE,FALSE,FALSE
7.27689E+18,405,t8rguy2,,T8rGuy,4,86,0,0,267,0,TRUE,TRUE,FALSE,FALSE
7.46088E+18,406,pambdg2029,,Dhruv P,32,66,0,0,23,0,FALSE,FALSE,FALSE,FALSE
7.40835E+18,407,maddi78906,GREEN,Maddie,41,458,137,12,1952,0,FALSE,FALSE,FALSE,FALSE
7.48466E+18,408,jason_a8712,,Jason_üèíü•Ö,214,601,0,0,3353,0,FALSE,FALSE,FALSE,FALSE
7.44587E+18,409,amberallay,RED,Nova üè≥Ô∏è,441,1610,12000,129,6976,0,FALSE,FALSE,FALSE,FALSE
6.85214E+18,410,elliott.gaines05,,Elliott,113,668,0,0,117700,0,TRUE,TRUE,FALSE,FALSE
6.92364E+18,411,callenxkenshin,,callenxkenshin,1825,321,0,0,29000,0,FALSE,FALSE,FALSE,FALSE
7.45196E+18,412,caleb_rants1,,Caleb_rants,45,129,138,14,290,0,FALSE,FALSE,FALSE,FALSE
6.94105E+18,413,ryan_14_grupenhoff,,Ryan Grupenhoff,94,88,1,0,33400,0,TRUE,TRUE,FALSE,FALSE
7.4611E+18,414,cameron10123,GREEN,cameron,48,249,39,0,4563,0,TRUE,TRUE,FALSE,FALSE
7.14437E+18,415,iambluevadr,,Bluevader! üö¶,130,304,0,0,5845,0,FALSE,FALSE,FALSE,FALSE
7.52976E+18,416,anonymous_1_9_9,,anonymous_1_9_9,30,334,2319,30,17400,0,FALSE,FALSE,FALSE,FALSE
7.29697E+18,417,toasteroven46,,samtingwong?,28,1374,5,0,124700,0,TRUE,TRUE,FALSE,FALSE
6.77381E+18,418,wsmits1234,,Walker,162,2232,157,1,351400,0,FALSE,FALSE,FALSE,FALSE
6.72439E+18,419,will.knightly,,Will Knightly,221,270,3734,68,283800,0,TRUE,TRUE,FALSE,FALSE
7.37461E+18,420,collin.tungol,,üé∞ü§ëCollinü§ëüé∞,68,61,396,6,29300,0,TRUE,TRUE,FALSE,FALSE
7.06365E+18,421,hammerhead.15,,avenwaldschmidt15 ‚úùÔ∏è,237,1078,753,0,48300,0,FALSE,FALSE,FALSE,FALSE
6.92116E+18,422,msartho23,RED,matt,72,386,0,0,9023,0,TRUE,TRUE,FALSE,FALSE
7.35376E+18,423,cd10w,,Cliff Dawson,130,762,0,1,18300,0,TRUE,TRUE,FALSE,FALSE
7.19938E+18,424,.n.o.a_h,,. ‚Éù·Ö† Ô∏è‚Éù·Ö† Ô∏è‚Éù·Ö† Ô∏è‚Éù:,34,664,0,0,38600,0,TRUE,TRUE,FALSE,FALSE
7.5075E+18,425,zane.069,,ùöâùöâùöâ,8,21,0,0,270,0,TRUE,TRUE,FALSE,FALSE
6.91394E+18,426,jackson_g930,RED,Jackson G,600,287,67,2,4622,0,FALSE,FALSE,FALSE,FALSE
7.51782E+18,427,elijers.cement.eater,,Lijers,56,264,95,3,5195,0,FALSE,FALSE,FALSE,FALSE
7.48313E+18,428,blackpoorperson,,Michael,66,60,47,2,3348,0,FALSE,FALSE,FALSE,FALSE
7.51189E+18,429,thatguyfr19,,Thatguyfr,45,318,1261,13,5905,0,FALSE,FALSE,FALSE,FALSE
7.50009E+18,430,user6916360009068,,user6916360009068,0,56,0,0,3371,0,TRUE,TRUE,FALSE,FALSE
7.3427E+18,431,gmoeny7,,Gavin,165,172,233,2,10500,0,TRUE,TRUE,FALSE,FALSE
7.16256E+18,432,addiee.4,,addie,1321,993,13700,14,53500,0,FALSE,FALSE,FALSE,FALSE
7.08483E+18,433,uz_ibrohim,,Ibrohim,250,428,251,1,37500,0,FALSE,FALSE,FALSE,FALSE
7.51217E+18,434,harrison4han,,Harrison F,179,358,0,0,10400,0,FALSE,FALSE,FALSE,FALSE
7.56159E+18,435,possumbirino,,Infinite possum-shrimp.,38,111,287,29,3112,0,FALSE,FALSE,FALSE,FALSE
7.00654E+18,436,zbarenjoyer,,Callum trey,395,333,0,0,31600,0,TRUE,TRUE,FALSE,FALSE
7.52414E+18,437,blinkisoli,,Oliver,21,1050,0,0,10100,0,TRUE,TRUE,FALSE,FALSE
7.11975E+18,438,geeks_here,,Geekshere,136,2152,0,0,55000,0,FALSE,FALSE,FALSE,FALSE
6.78597E+18,439,_senorbonbon_,,Senorbonbon,486,2008,3552,79,54000,0,FALSE,FALSE,FALSE,FALSE
7.09995E+18,440,mobilestman,,MobilestMan,65,817,537,19,45100,0,FALSE,FALSE,FALSE,FALSE
7.0487E+18,441,mrduck999,,‚åà‚Åπ‚Åπ‚Åπ‚åãùôàùôßùòøùô™ùôòùô†üßÉ,60,453,115,0,12400,0,TRUE,TRUE,FALSE,FALSE
7.07469E+18,442,ref4375,RED,airfryer374,119,1035,20600,3,4829,0,FALSE,FALSE,FALSE,FALSE
7.53153E+18,443,wishisawesome,,jolly wiish üéÑüéÑüéÑüïØÔ∏èüïØÔ∏èüïØÔ∏è,18,386,123,18,2488,0,FALSE,FALSE,FALSE,FALSE
7.40418E+18,444,rtrlite.reed,,rtrlite.reed,49,480,20,0,18900,0,TRUE,TRUE,FALSE,FALSE
7.0915E+18,445,braedenkelly825,,Braeden,73,263,21,0,21500,0,FALSE,FALSE,FALSE,FALSE
7.50407E+18,446,thatguy54386,,Thatguy543,29,180,65,8,1321,0,FALSE,FALSE,FALSE,FALSE
7.23659E+18,447,oevers1,,owen,191,315,241,4,13900,0,FALSE,FALSE,FALSE,FALSE
7.34154E+18,448,aidan.oshaughnessy2,,aidan.oshaughnessy2,99,449,0,0,29000,0,FALSE,FALSE,FALSE,FALSE
6.90632E+18,449,carterscross,,carter,43,273,0,0,2980,0,TRUE,TRUE,FALSE,FALSE
7.58759E+18,450,sydfully,RED,sydfully,0,49,0,0,429,0,FALSE,FALSE,FALSE,FALSE
7.0921E+18,451,korbinjc,,Korbinjc,34,136,33,2,1809,0,FALSE,FALSE,FALSE,FALSE
6.74774E+18,452,jonahsorrell,,…•…êuo≈ø,1090,2487,1548,11,217600,0,FALSE,FALSE,FALSE,FALSE
7.11811E+18,453,sooperfatnoob,,Andrew,1,69,293,22,60100,0,TRUE,TRUE,FALSE,FALSE
7.12525E+18,454,benjamin_siv,,Benjamin Svihlik,902,1205,705,11,58000,0,FALSE,FALSE,FALSE,FALSE
7.19726E+18,455,tjqqqq,,tj,117,515,0,0,3927,0,FALSE,FALSE,FALSE,FALSE
7.45131E+18,456,finn.pfeiffer0,,Finn Pfeiffer,42,215,0,0,3481,0,FALSE,FALSE,FALSE,FALSE
7.48695E+18,457,collin_haines,,Collinüáªüá¶,40,300,0,0,4971,0,TRUE,TRUE,FALSE,FALSE
7.45914E+18,458,visage_m4,,Visage_M4,18,242,0,0,793,0,FALSE,FALSE,FALSE,FALSE
6.95308E+18,459,firelord9926,,noahleavitt99,565,496,0,0,53400,0,TRUE,TRUE,FALSE,FALSE
7.04177E+18,460,masterbaiter.org,,Master of baiting,14,200,0,0,3544,0,FALSE,FALSE,FALSE,FALSE
7.35203E+18,461,wixxvyy,,wixvy,50,309,164,1,25600,0,FALSE,FALSE,FALSE,FALSE
7.32288E+18,462,samvog2753,,samvog2753,84,712,0,0,3016,0,TRUE,TRUE,FALSE,FALSE
7.48503E+18,463,user18376860231507,,JustinG,45,109,0,0,22900,0,FALSE,FALSE,FALSE,FALSE
7.01086E+18,464,brooklyncarnes2,,brooklyn,19,318,113,1,230900,0,FALSE,FALSE,FALSE,FALSE
7.3734E+18,465,tomfoolery81809,,Tomfoolery68,38,85,0,0,81400,0,FALSE,FALSE,FALSE,FALSE
7.29646E+18,466,deathdunes,,Gulash_Man,5404,1402,567600,40,25400,0,FALSE,FALSE,FALSE,FALSE
7.30411E+18,467,rottenoranges8,RED,rottenoranges,56,64,751,46,4101,0,FALSE,FALSE,FALSE,FALSE
7.10375E+18,468,y2the10,,y2the10,33,9993,0,0,60900,0,TRUE,TRUE,FALSE,FALSE
7.24769E+18,469,dannybreakdance,,Danny Breakdance,199,77,257,3,1705,0,FALSE,FALSE,FALSE,FALSE
6.95141E+18,470,.wking2.0,,WKing,41,335,178,1,12000,0,FALSE,FALSE,FALSE,FALSE
7.19053E+18,471,jaxtenklinedinst,,jax10k,59,433,1163,11,16600,0,FALSE,FALSE,FALSE,FALSE
7.04457E+18,472,kerstein.luv.braylon,,Braylon,38,88,333600,33,117400,0,TRUE,TRUE,FALSE,FALSE
7.55011E+18,473,blackbot39,,Jarreth220,23,54,349,38,195,0,FALSE,FALSE,FALSE,FALSE
7.34154E+18,474,bdctechno,,Carter.,95,327,15,1,75300,0,FALSE,FALSE,FALSE,FALSE
6.72802E+18,475,gage42003,,Lunal üåô,14,2736,0,0,449900,0,TRUE,TRUE,FALSE,FALSE
6.78868E+18,476,choppy4.8,,D,959,639,21900,133,89200,0,FALSE,FALSE,FALSE,FALSE
7.12859E+18,477,unclesam_america,,Uncle Sam,109,1299,0,0,6651,0,FALSE,FALSE,FALSE,FALSE
6.71036E+18,478,klug9502,,klug9502,8,84,0,0,128500,0,TRUE,TRUE,FALSE,FALSE
6.83678E+18,479,djp73110,,alanreet,141,1223,0,0,18200,0,TRUE,TRUE,FALSE,FALSE
7.50774E+18,480,wingman5819,,wingman,4,27,0,0,1818,0,TRUE,TRUE,FALSE,FALSE
7.08363E+18,481,murphycc_,,Murphy??,106,3940,2,0,42200,0,TRUE,TRUE,FALSE,FALSE
7.55444E+18,482,jnd123z,,JND123Z,148,605,5658,171,2543,0,FALSE,FALSE,FALSE,FALSE
7.39416E+18,483,he_.is._gone,,Skye,54,1285,35,11,13400,0,FALSE,FALSE,FALSE,FALSE
6.94936E+18,484,ronaldoisdagoat412,,CR7,59,2202,7,0,7404,0,FALSE,FALSE,FALSE,FALSE
7.45257E+18,485,overtonightfanboy,,overtonightfanboy,146,921,746,62,5013,0,FALSE,FALSE,FALSE,FALSE
7.56687E+18,486,liboy12g,,Liboy12,7,154,0,0,2388,0,TRUE,TRUE,FALSE,FALSE
7.00831E+18,487,biggieballknowledge,RED,biggieballknowledge,29,121,5,0,23800,0,FALSE,FALSE,FALSE,FALSE
6.71437E+18,488,trvy.paty,,Travy Patty,47,209,115,1,67400,0,FALSE,FALSE,FALSE,FALSE
7.37064E+18,489,uzpisau,,benas ü§∑,15,73,0,0,14900,0,TRUE,TRUE,FALSE,FALSE
7.38971E+18,490,domanicsurvico,,Domanic,1363,2368,0,0,25400,0,FALSE,FALSE,FALSE,FALSE
7.4685E+18,491,bronson.builds,RED,Bronson Builds,35,67,649,16,13600,0,FALSE,FALSE,FALSE,FALSE
6.61336E+18,492,drewpuchalski,RED,drewpuchalski,55,759,0,0,62700,0,FALSE,FALSE,FALSE,FALSE
7.47403E+18,493,zephyr6453,,zephyr,56,1155,0,0,19000,0,FALSE,FALSE,FALSE,FALSE
7.50965E+18,494,okiedokie_27,ORANGE,Mort Mentality,31000,66,3000000,63,4385,0,FALSE,FALSE,FALSE,FALSE
7.28776E+18,495,sagemedina2,,sagemedina,146,709,372,3,66900,0,FALSE,FALSE,FALSE,FALSE
7.43542E+18,496,nicksikor42,,NickLINE,315,747,25700,28,11400,0,FALSE,FALSE,FALSE,FALSE
7.14042E+18,497,jackson_barg7,BLUE,jackson_barg7,7,9,0,0,170,0,TRUE,TRUE,FALSE,FALSE
6.82055E+18,498,rm.julius,,rm.julius,270,4102,7792,23,49600,0,FALSE,FALSE,FALSE,FALSE
7.04567E+18,499,just_a_guy_225,GREEN,onlyaguy,1,329,0,0,91500,0,TRUE,TRUE,FALSE,FALSE
7.41688E+18,500,pot.reeks,,Pot57,10,106,0,0,508,0,FALSE,FALSE,FALSE,FALSE
6.87591E+18,501,sowinurcher_80,,Sowingurcher 80,28,83,33,0,27800,0,TRUE,TRUE,FALSE,FALSE
7.48905E+18,502,hudson__brown,RED,Hudson,88,1538,0,0,24400,0,FALSE,FALSE,FALSE,FALSE
7.11401E+18,503,yerik_loves_no,RED,Ylon,66,1063,15,1,104400,0,FALSE,FALSE,FALSE,FALSE
7.19869E+18,504,blahchunk,,Sam Shipley,15,100,0,0,2508,0,FALSE,FALSE,FALSE,FALSE
7.08399E+18,505,csaltx,,CSalt,64,1154,0,0,25700,0,FALSE,FALSE,FALSE,FALSE
7.32232E+18,506,leo_willis2010,RED,Leo,49,453,256,19,8075,0,FALSE,FALSE,FALSE,FALSE
7.04695E+18,507,sssilasstewarttt,,sssilasstewarttt,185,672,213,4,17800,0,FALSE,FALSE,FALSE,FALSE
6.90929E+18,508,tyson_143_,,tyson_143_,321,4622,0,0,19000,0,TRUE,TRUE,FALSE,FALSE
7.54187E+18,509,loganmalone888,RED,Logan M,43,85,192,5,105,0,FALSE,FALSE,FALSE,FALSE
7.03503E+18,510,acseth,,arjan seth,44,387,30,0,11700,0,TRUE,TRUE,FALSE,FALSE
7.23387E+18,511,.imjack,RED,.imjack,2723,1119,70700,29,28300,0,FALSE,FALSE,FALSE,FALSE
6.81979E+18,512,trh.2006,,trh.2006,40,335,136,1,172400,0,FALSE,FALSE,FALSE,FALSE
7.03614E+18,513,gibsonbrooks,,gibsonbrooks,298,745,14,0,105400,0,FALSE,FALSE,FALSE,FALSE
7.26755E+18,514,bre_ezer,RED,Breezer,178,676,3635,152,57400,0,FALSE,FALSE,FALSE,FALSE
7.07689E+18,515,jaxonkelley525,,Jaxon Kelley525,26,197,0,0,3895,0,TRUE,TRUE,FALSE,FALSE
6.78348E+18,516,theoneandonlygibo,RED,Gino,1936,181,576600,4,171300,0,TRUE,TRUE,FALSE,FALSE
7.47141E+18,517,jacksonmckinnon57,,Jackson McKinnon,122,55,137,1,22600,0,FALSE,FALSE,FALSE,FALSE
7.53954E+18,518,e_war8,,E-war,0,109,0,0,5380,0,TRUE,TRUE,FALSE,FALSE
7.40926E+18,519,user702489337,,I love cats,14,476,0,0,1943,0,FALSE,FALSE,FALSE,FALSE
6.91892E+18,520,axeldalozer._9,,Axelüö¶,202,3069,253,0,51500,0,FALSE,FALSE,FALSE,FALSE
6.99537E+18,521,trystffn,,Treyü§ëü§ëü§ë,2446,983,58500,85,3073,0,FALSE,FALSE,FALSE,FALSE
7.25648E+18,522,thso02,RED,.,54,912,0,0,10400,0,TRUE,TRUE,FALSE,FALSE
6.60962E+18,523,jbless1682,,Jeff,73,4946,0,0,432,0,TRUE,TRUE,FALSE,FALSE
7.0291E+18,524,talanmacfarlane,,Talan Macfarlane,62,1010,0,0,6938,0,TRUE,TRUE,FALSE,FALSE
7.0622E+18,525,joklintrades0,,Zz≈º,3380,4965,0,0,4390,0,FALSE,FALSE,FALSE,FALSE
7.26256E+18,526,gpcfishy,,fis‚É¢hy,319,628,51800,404,149600,0,FALSE,FALSE,FALSE,FALSE
7.35996E+18,527,pofijrff89q,RED,C0wparty | Severed üîª,540,318,205700,40,23400,0,FALSE,FALSE,FALSE,FALSE
6.88358E+18,528,user42522652727,,user422356,2,1124,0,0,70400,0,TRUE,TRUE,FALSE,FALSE
6.61821E+18,529,jashbrown63,RED,Jashbrown,179,685,43,2,16600,0,FALSE,FALSE,FALSE,FALSE
7.53382E+18,530,viks_visions,,Vik,105,187,869,5,3137,0,FALSE,FALSE,FALSE,FALSE
7.44395E+18,531,surfwasrestricted,BLUE,Íú±·¥ú ÄÍú∞ ‚òÖ,100,417,869,17,1063,0,FALSE,FALSE,FALSE,FALSE
7.51939E+18,532,iluvadolfiusheatler,RED,Niggalicious,1,1,0,0,1,0,FALSE,FALSE,FALSE,FALSE
7.41431E+18,533,dex_gally0,BLUE,Dex_Gally,185,1655,755,3,69600,0,FALSE,FALSE,FALSE,FALSE
7.3278E+18,534,sahan.gurram,,Sahan Gurram,142,323,397,4,12900,0,FALSE,FALSE,FALSE,FALSE
7.32527E+18,535,itz_soots,,lincoln,80,137,0,0,9200,0,FALSE,FALSE,FALSE,FALSE
7.11371E+18,536,jackg123045,RED,jack,77,417,644,0,8264,0,FALSE,FALSE,FALSE,FALSE
7.07475E+18,537,chris.vasilakis,,Chris Vasilakis,2,29,0,0,3008,0,TRUE,TRUE,FALSE,FALSE
6.63295E+18,538,beefbrisket1,,Beef Brisket,30,473,0,0,2241,0,FALSE,FALSE,FALSE,FALSE
6.72773E+18,539,2loserr,,loser,52,1364,2,0,20600,0,FALSE,FALSE,FALSE,FALSE
7.17974E+18,540,p.ike3,,pike,126,545,607,3,41600,0,FALSE,FALSE,FALSE,FALSE
6.81038E+18,541,yu.izs,YELLOW,Anes,3845,3890,5934,1,77000,0,FALSE,FALSE,FALSE,FALSE
6.72371E+18,542,webberblack,,webber black,364,9058,9,0,440500,0,TRUE,TRUE,FALSE,FALSE
7.28178E+18,543,mason.meredith2,,Mason Meredith,89,1318,810,0,32900,0,TRUE,TRUE,FALSE,FALSE
7.33045E+18,544,spartanlunchmeat,BLUE,spartanlunchmeat,35,339,0,0,2815,0,FALSE,FALSE,FALSE,FALSE
7.51519E+18,545,kierantikgmailcom,BLUE,K.i.e.r.a.nhim,62,117,179,4,7667,0,FALSE,FALSE,FALSE,FALSE
7.17724E+18,546,melon_lord699,,Melon_Lord699,69,1290,239,3,154500,0,FALSE,FALSE,FALSE,FALSE
6.97051E+18,547,stefanworld,,stef,322,404,2351,2,9288,0,FALSE,FALSE,FALSE,FALSE
6.94844E+18,548,slickstrings07,RED,SlickStrings07,93,100,722,14,231,0,FALSE,FALSE,FALSE,FALSE
7.21687E+18,549,espy716,,Espy,10,355,658,11,16600,0,FALSE,FALSE,FALSE,FALSE
6.79589E+18,550,gavinnaasko28,,gavinnaasko28,22,769,0,0,4894,0,FALSE,FALSE,FALSE,FALSE
6.77456E+18,551,twirb0,,Cam Chandler,202,452,190,0,13900,0,FALSE,FALSE,FALSE,FALSE
7.10359E+18,552,bro..p_,,Brogan üçù,217,793,44,0,52800,0,TRUE,TRUE,FALSE,FALSE
7.11151E+18,553,kloefischer1,,Kloe,112,514,50,1,6018,0,TRUE,TRUE,FALSE,FALSE
6.74334E+18,554,ienjoyplayingpercussion,,calvin,89,1001,16,0,5613,0,FALSE,FALSE,FALSE,FALSE
7.52259E+18,555,badph1sh,,joshshields70,19,124,0,0,9300,0,FALSE,FALSE,FALSE,FALSE
7.03343E+18,556,sshado2,,S_shadoo,100,696,36,1,8038,0,FALSE,FALSE,FALSE,FALSE
6.95344E+18,557,tealgoodwin,,Goodwin.,250,1689,187,0,21700,0,FALSE,FALSE,FALSE,FALSE
7.20582E+18,558,flamingoego,,flamingoego,725,2871,116500,200,152700,0,FALSE,FALSE,FALSE,FALSE
6.78529E+18,559,jaxson_mckeown,,jaxson_mckeown,112,1689,6,0,62300,0,FALSE,FALSE,FALSE,FALSE
6.68957E+18,560,seb.shaffer,,Seb,214,6565,273,5,56600,0,FALSE,FALSE,FALSE,FALSE
6.77231E+18,561,ryansalonek,,user8893678190744,256,1568,0,0,139400,0,TRUE,TRUE,FALSE,FALSE
7.13692E+18,562,ratboidlx,,Axl76 (ze rat master),30,343,66,7,21800,0,FALSE,FALSE,FALSE,FALSE
6.82539E+18,563,gage_simpson,RED,Gage,121,808,54,0,35700,0,TRUE,TRUE,FALSE,FALSE
6.83123E+18,564,ikeadesk0,,ikeadesk0,59,873,0,0,110100,0,FALSE,FALSE,FALSE,FALSE
6.60985E+18,565,ctriplett_,GREEN,Chris Triplett,7235,513,27000,427,9286,0,FALSE,FALSE,FALSE,FALSE
7.4717E+18,566,therealneb._,,Ben,77,114,0,0,41000,0,TRUE,TRUE,FALSE,FALSE
7.49338E+18,567,username48757,,Adrian,23,55,0,0,6670,0,FALSE,FALSE,FALSE,FALSE
6.65868E+18,568,spltrombone,,SPLtrombone,246,1259,5092,713,6503,0,FALSE,FALSE,FALSE,FALSE
7.25988E+18,569,luravo,RED,Ô∏è,1280,17,10800,251,24000,0,FALSE,FALSE,FALSE,FALSE
7.17455E+18,570,trashander5,RED,Trashander,24,366,963,11,14600,0,FALSE,FALSE,FALSE,FALSE
6.96591E+18,571,kevinabb0tt,BLUE,Kevin Abbott,6009,7979,6869,104,81800,0,FALSE,FALSE,FALSE,FALSE
7.51155E+18,572,nixonscott1123,,Scotter,28,283,75,2,2712,0,FALSE,FALSE,FALSE,FALSE
7.51524E+18,573,mik.hash,,mik.hash,5,16,88,1,176,0,FALSE,FALSE,FALSE,FALSE
6.77784E+18,574,_johnryan_,,john,85,351,1200,7,41500,0,TRUE,TRUE,FALSE,FALSE
6.57474E+18,575,gabec_8,,gabe,69,1405,8,0,38200,0,FALSE,FALSE,FALSE,FALSE
7.10872E+18,576,mrguy7763,,mrguy7763,9,7,5,3,337,0,FALSE,FALSE,FALSE,FALSE
7.15258E+18,577,mtx.brady,,Mtx.Brady,50,71,0,0,17200,0,FALSE,FALSE,FALSE,FALSE
6.99314E+18,578,zacharycox936,,zacharycox936,3,630,0,0,356,0,TRUE,TRUE,FALSE,FALSE
7.17862E+18,579,mrduna,,Mr duna,51,347,0,0,6754,0,FALSE,FALSE,FALSE,FALSE
6.93008E+18,580,cameron_dvorcek,,Cameron_Dvorcek,64,71,407,1,1101,0,FALSE,FALSE,FALSE,FALSE
7.00069E+18,581,ramfan102,ORANGE,Ramfan102,385,79,101300,92,560,0,FALSE,FALSE,FALSE,FALSE
6.71549E+18,582,72628k,,72628k,113,1997,2,0,36000,0,FALSE,FALSE,FALSE,FALSE
6.77974E+18,583,gahetas246,,ü´°,9,759,0,0,403400,0,TRUE,TRUE,FALSE,FALSE
7.49772E+18,584,ryne.karr1,RED,Ryne Karr,54,473,0,0,1128,0,FALSE,FALSE,FALSE,FALSE
6.89347E+18,585,tagsby81,,tagsby,2,752,0,0,7666,0,TRUE,TRUE,FALSE,FALSE
6.99013E+18,586,atxluke4677,,atxluke,37,645,0,0,5721,0,TRUE,TRUE,FALSE,FALSE
7.35522E+18,587,davidthedaver123,,‚úùÔ∏èDavidTheDave‚úùÔ∏è,215,601,643,36,6254,0,FALSE,FALSE,FALSE,FALSE
6.93842E+18,588,_baskers_,,Chris,1,264,0,0,32800,0,TRUE,TRUE,FALSE,FALSE
7.2852E+18,589,porter_p,RED,Pp,313,661,1246,8,3948,0,FALSE,FALSE,FALSE,FALSE
7.18717E+18,590,mikescryptoinsights,BLUE,michael,133,3111,3294,37,198800,0,FALSE,FALSE,FALSE,FALSE
7.07409E+18,591,kysenm16,RED,Kysen mercer,77,130,0,0,1188,0,FALSE,FALSE,FALSE,FALSE
7.5564E+18,592,purplededge4,,Purplededge,35,109,83,2,988,0,FALSE,FALSE,FALSE,FALSE
7.25082E+18,593,willrowe11,,Will Rowe,324,301,1617,0,2506,0,FALSE,FALSE,FALSE,FALSE
6.94396E+18,594,forstakin6,,forstakin6,17,211,0,0,20500,0,TRUE,TRUE,FALSE,FALSE
7.07067E+18,595,esummers7,,Eitan Summers,200,1390,3,0,27500,0,TRUE,TRUE,FALSE,FALSE
7.5074E+18,596,undeadking3472,PURPLE,undeadking3472,16,349,46,7,11600,0,FALSE,FALSE,FALSE,FALSE
7.32975E+18,597,nandanrftx,,Nandan,373,403,23,0,13000,0,FALSE,FALSE,FALSE,FALSE
7.37287E+18,598,isaac.r.rasmussen27,,isaac.r,47,557,132,18,3478,0,FALSE,FALSE,FALSE,FALSE
7.34397E+18,599,plane_editz3,BLUE,ü¶Öüá∫üá∏ReachForTheSkiesüá∫üá∏ü¶Ö‚úàÔ∏è,100,13,1573,11,338,0,FALSE,FALSE,FALSE,FALSE
6.68626E+18,600,jackoenes,,Jack,215,399,933,11,31700,0,FALSE,FALSE,FALSE,FALSE
7.45477E+18,601,jackson.giles4,,Jackson Giles,75,276,22,1,10200,0,TRUE,TRUE,FALSE,FALSE
7.32606E+18,602,ohiorizzmewking,,Fortnite ballz,17,1105,0,0,64900,0,FALSE,FALSE,FALSE,FALSE
6.84211E+18,603,muhammad0460,BLUE,muhammadideis0460,94,159,30,0,117100,0,FALSE,FALSE,FALSE,FALSE
7.36913E+18,604,apple.user9897385,,Apple User989738,2,33,0,0,71,0,TRUE,TRUE,FALSE,FALSE
7.21679E+18,605,bigjoe_99,BLUE,joe,255,963,2756,56,70100,0,FALSE,FALSE,FALSE,FALSE
6.90296E+18,606,tm_joj,,tm_joj,548,5646,4889,14,63900,0,FALSE,FALSE,FALSE,FALSE
7.0117E+18,607,maxa.tack,,Max,102,3905,0,0,4431,0,TRUE,TRUE,FALSE,FALSE
6.80131E+18,608,tylerg77,,tyler.g,33,296,0,0,262600,0,TRUE,TRUE,FALSE,FALSE
6.92435E+18,609,user0012932992,,user0012932992,0,711,0,0,206400,0,TRUE,TRUE,FALSE,FALSE
7.2703E+18,610,jjg20188,RED,,71,1231,0,0,23,0,FALSE,FALSE,FALSE,FALSE
7.40876E+18,611,realtechdad,,Russ | Business & Tech,1229,919,1335,10,896,0,FALSE,FALSE,FALSE,FALSE
6.58071E+18,612,duckingwood,,Wood,700,1926,4011,26,69200,0,FALSE,FALSE,FALSE,FALSE
6.98377E+18,613,gideon1078,,gideon1078,37,833,13,0,88400,0,TRUE,TRUE,FALSE,FALSE
7.47167E+18,614,p1xelpione3r,RED,p1xelpione3r,29,554,295,15,11300,0,TRUE,TRUE,FALSE,FALSE
7.03371E+18,615,randodavid,,RandoDavid,84,573,155,0,759,0,FALSE,FALSE,FALSE,FALSE
6.96521E+18,616,declared53,,Brady,168,273,1629,2,13400,0,FALSE,FALSE,FALSE,FALSE
6.7987E+18,617,aidanh_709,PURPLE,a_idan709,203,661,272,2,144700,0,FALSE,FALSE,FALSE,FALSE
6.9496E+18,618,kavin.sa23,,Kavin,425,472,2811,0,22800,0,FALSE,FALSE,FALSE,FALSE
7.15276E+18,619,_unknwn.exe,PINK,_unknwn.exe,9,66,13,2,598,0,TRUE,TRUE,FALSE,FALSE
7.04883E+18,620,authorofmanymuses,,AOMM,16000,75,1300000,1038,2090,0,FALSE,FALSE,FALSE,FALSE
6.73969E+18,621,levigilkerson22,,Levigilkerson22,118,1311,0,0,58200,0,FALSE,FALSE,FALSE,FALSE
7.34564E+18,622,lunarseiler,,LunarOwl,46,179,448,46,142,0,FALSE,FALSE,FALSE,FALSE
7.30289E+18,623,couchpotat2,,Couch,26,389,11,3,6130,0,FALSE,FALSE,FALSE,FALSE
6.91266E+18,624,kajankow42,,Gambit Geeks,23,477,0,0,327,0,FALSE,FALSE,FALSE,FALSE
6.30017E+18,625,jeffreys_journey_journal,,jeffreys_journey_journal,33,746,607,1,26100,0,FALSE,FALSE,FALSE,FALSE
7.21758E+18,626,shanegriffin98,,$shanegriffin024$,970,6659,348,10,4021,0,FALSE,FALSE,FALSE,FALSE
6.65539E+18,627,averyfs01,,üñ§Averyyyüñ§,134,4009,124,9,409600,0,TRUE,TRUE,FALSE,FALSE
7.38231E+18,628,edd..1ee,RED,üï∑Ô∏èeddieeüï∏Ô∏è,6966,260,23400,4,3909,0,FALSE,FALSE,FALSE,FALSE
7.01737E+18,629,philippcs,,Philipp,15,36,0,0,177,0,FALSE,FALSE,FALSE,FALSE
7.44661E+18,630,theodorebasalyous,,theo b,124,410,0,0,12800,0,FALSE,FALSE,FALSE,FALSE
6.62501E+18,631,trentgrammer,BLUE,trentgrammer,103,592,0,0,21300,0,FALSE,FALSE,FALSE,FALSE
7.14223E+18,632,xavierphennicie,,Xavier Phennicie,157,758,0,0,1214,0,FALSE,FALSE,FALSE,FALSE
7.10804E+18,633,paul_noland_,,Paul_noland_,244,3234,80,1,57500,0,FALSE,FALSE,FALSE,FALSE
6.80491E+18,634,cameronzimmerman7,,Cameron Zimmerman,229,9998,0,0,18000,0,TRUE,TRUE,FALSE,FALSE
6.98253E+18,635,declansherman385,GREEN,declansherman385,10,231,0,0,11500,0,TRUE,TRUE,FALSE,FALSE
6.92046E+18,636,mini2droneshots,,%,49,345,1,0,20800,0,FALSE,FALSE,FALSE,FALSE
7.51646E+16,637,spencer___johnson,,Spencer,108,2066,135,0,14700,0,FALSE,FALSE,FALSE,FALSE
7.22244E+18,638,ethan.h121,,ethan.h121,2,145,0,1,1041,0,TRUE,TRUE,FALSE,FALSE
7.03426E+18,639,dihlicious69,,N,16,638,0,0,8987,0,TRUE,TRUE,FALSE,FALSE
6.80094E+18,640,saul_.16,,Saul_1,113,363,65,0,6179,0,FALSE,FALSE,FALSE,FALSE
7.02799E+18,641,colin.maffei.50,,Colin Maffei,197,332,0,0,26900,0,FALSE,FALSE,FALSE,FALSE
7.26686E+18,642,gmoneu8,,gmoneu,57,1632,0,0,24200,0,FALSE,FALSE,FALSE,FALSE
6.82839E+18,643,thomas03983,BLUE,thomas03983,56,202,0,0,2496,0,TRUE,TRUE,FALSE,FALSE
6.85306E+18,644,calamari.milkshake,,Glenn Coco,201,2582,21,2,2373,0,TRUE,TRUE,FALSE,FALSE
6.76641E+18,645,joel36827,RED,Joel,107,2151,0,0,16900,0,TRUE,TRUE,FALSE,FALSE
7.25815E+18,646,kylerbond3,,Kyler. Bond,68,259,6,0,9261,0,TRUE,TRUE,FALSE,FALSE
6.7855E+18,647,to3969,,Tanner,27,295,86,2,2131,0,FALSE,FALSE,FALSE,FALSE
7.36383E+18,648,charleyhead,,charleyhead,111,249,0,0,37700,0,FALSE,FALSE,FALSE,FALSE
7.10665E+18,649,m0nkeyman38,ORANGE,M0nkeyMan38,12,126,0,0,6670,0,FALSE,FALSE,FALSE,FALSE
6.76044E+18,650,axellvareztcg,,Axel,1266,902,32200,1,13300,0,TRUE,TRUE,FALSE,FALSE
6.934E+18,651,jesse.greenhow,,Jesse Greenhow,11,241,0,0,5590,0,TRUE,TRUE,FALSE,FALSE
6.73484E+18,652,ethanriske,RED,Ethan Riske,30,101,94,2,203,0,FALSE,FALSE,FALSE,FALSE
6.74934E+18,653,giobio123,,giobio3,13,892,0,0,225600,0,TRUE,TRUE,FALSE,FALSE
7.52776E+18,654,greggus.the.tikto,,Greggus The Obliterteth,9,9,114,13,111,0,FALSE,FALSE,FALSE,FALSE
7.15184E+18,655,user6816229666108,,TahtGuy3412,4,2098,0,0,173900,0,TRUE,TRUE,FALSE,FALSE
6.61791E+18,656,cbatch2,,chris,71,1260,152,0,180000,0,FALSE,FALSE,FALSE,FALSE
6.8005E+18,657,nithinvinothkumar,,Nithin Vinothkumar,24,238,0,0,1163,0,TRUE,TRUE,FALSE,FALSE
6.93787E+18,658,nolan.augs,,nolan.augs,22,218,0,0,4868,0,FALSE,FALSE,FALSE,FALSE
6.93995E+18,659,hello1212_hello,,123‚Ä¶,0,401,0,4,5287,0,TRUE,TRUE,FALSE,FALSE
7.24475E+18,660,3littlekittys0,PINK,3 little kittys ‚ò≠üá≥üá¥üö¶,484,451,8214,318,11300,0,FALSE,FALSE,FALSE,FALSE
7.51025E+18,661,aida.nstudio,,Aidan,51,88,2149,0,2186,0,FALSE,FALSE,FALSE,FALSE
7.12519E+18,662,calebhanan,,Caleb,16,1821,1,1,196100,0,TRUE,TRUE,FALSE,FALSE
6.75787E+18,663,jack_wahl103,,jack_wahl10,87,3379,19,1,1306,0,TRUE,TRUE,FALSE,FALSE
7.33863E+18,664,dominic__k,,dominic,9,17,0,0,5156,0,FALSE,FALSE,FALSE,FALSE
6.88036E+18,665,stuffdrawnhere,,stuff drawn here,11,17,616,42,2823,0,FALSE,FALSE,FALSE,FALSE
7.19868E+18,666,beepborp58,,beebborp9898,52,309,0,0,9451,0,FALSE,FALSE,FALSE,FALSE
6.93527E+18,667,mike39394055,,user2470717457779,24,194,0,0,2451,0,FALSE,FALSE,FALSE,FALSE
17096346,668,zigzag.01,,ZigZag01,25,389,3,0,9652,0,FALSE,FALSE,FALSE,FALSE
7.52406E+18,669,secretseal6,,Sealüí≠üèùÔ∏è,20,393,447,7,5654,0,FALSE,FALSE,FALSE,FALSE
7.37089E+18,670,juhlbeng,,Juhl,161,177,413,3,1304,0,FALSE,FALSE,FALSE,FALSE
7.07235E+18,671,lucadevidze,,lucadevidze,82,192,0,0,720,0,TRUE,TRUE,FALSE,FALSE
7.28986E+18,672,ronaldothegoat2096,BLUE,Cr7,448,1053,34600,8,51600,0,FALSE,FALSE,FALSE,FALSE
6.99684E+18,673,wcrump18,,Will.I.am,118,356,1,0,3268,0,FALSE,FALSE,FALSE,FALSE
6.9234E+18,674,joshuasturgill2,RED,Iron Father,47,505,0,0,477,0,FALSE,FALSE,FALSE,FALSE
6.96248E+18,675,andersonluttrell,,Anderson Luttrell,148,2485,1188,97,20000,0,FALSE,FALSE,FALSE,FALSE
6.72912E+18,676,denied7k,,user5496425122354,49,1127,0,0,13000,0,TRUE,TRUE,FALSE,FALSE
6.70864E+18,677,lessons.with.mike,,Mike,120,609,108,16,471,0,FALSE,FALSE,FALSE,FALSE
6.97745E+18,678,rayb0h,,rayb0h,219,2514,0,0,53600,0,FALSE,FALSE,FALSE,FALSE
6.96509E+18,679,zanith,,zanith,25,121,1,0,52600,0,FALSE,FALSE,FALSE,FALSE
7.38016E+18,680,g_finn2,RED,g_finn2,14,26,188,18,3297,0,TRUE,TRUE,FALSE,FALSE
6.80278E+18,681,kguzman1207,,Kevin Guzman,1,1026,0,0,49000,0,TRUE,TRUE,FALSE,FALSE
6.8281E+18,682,stepbro_tysean,,Tysean Pullens,202,542,2573,46,2564,0,FALSE,FALSE,FALSE,FALSE
6.9119E+18,683,707_carson,RED,Carson,2496,9905,8211,4,315900,0,FALSE,FALSE,FALSE,FALSE
6.75718E+18,684,the_messiah69420,,yourmom,30,77,22,3,3530,0,TRUE,TRUE,FALSE,FALSE
6.90928E+18,685,dfchennault,,Dalt,461,2150,18000,171,129800,0,FALSE,FALSE,FALSE,FALSE
7.20466E+18,686,nick_zobel,,Nick Zobel,6,180,0,0,719,0,FALSE,FALSE,FALSE,FALSE
6.9043E+18,687,iangruss5,,IanGrus,60,62,0,0,342,0,FALSE,FALSE,FALSE,FALSE
7.42826E+18,688,cartfein77,,cartfein77,39,360,0,0,12900,0,FALSE,FALSE,FALSE,FALSE
7.28282E+18,689,jboncz0,,Jboncz,7,102,0,0,345,0,FALSE,FALSE,FALSE,FALSE
6.75641E+18,690,_ireallydontcaretbh_,,snowflake.,316,429,2908,1,9240,0,FALSE,FALSE,FALSE,FALSE
6.81557E+18,691,chase_rob0,,Chase,15,226,30,0,5507,0,FALSE,FALSE,FALSE,FALSE
6.71371E+18,692,s.aammppyy,,sampy,281,403,1212,4,188200,0,FALSE,FALSE,FALSE,FALSE
7.24716E+18,693,mrbluejohn,,DezmondddüëΩü§û,101,169,38,1,13200,0,FALSE,FALSE,FALSE,FALSE
7.53931E+18,694,momo_._edits,PINK,MoMo(Ê°É),21,106,423,5,2261,0,FALSE,FALSE,FALSE,FALSE
7.42271E+18,695,acebandaid,,acebandaid,22,373,0,0,12200,0,FALSE,FALSE,FALSE,FALSE
7.43273E+18,696,z41997,RED,Z,21,668,5,9,2155,0,FALSE,FALSE,FALSE,FALSE
7.12604E+18,697,fdragon07,,FDragon07,6,113,1,0,369,0,TRUE,TRUE,FALSE,FALSE
6.7641E+18,698,funkybunky57,,Funkybunky,345,763,6524,10,304600,0,FALSE,FALSE,FALSE,FALSE
7.03537E+18,699,zhackywhacky,,Zhackywhacky,104,57,111,0,75800,0,FALSE,FALSE,FALSE,FALSE
7.47125E+18,700,cody.daniels2,RED,Cody Daniels,44,103,0,0,2782,0,FALSE,FALSE,FALSE,FALSE
6.70149E+18,701,emanuel_patino,,Emanuel Patino,291,1469,148,1,460200,0,FALSE,FALSE,FALSE,FALSE
7.08672E+18,702,user356252638,RED,.,518,192,0,0,72000,0,FALSE,FALSE,FALSE,FALSE
7.08629E+18,703,jackt9506,RED,jackt9506,1,1428,0,0,43200,0,FALSE,FALSE,FALSE,FALSE
6.90107E+18,704,jasonk1a2b3c,,Jason Ken,70,93,0,0,6290,0,FALSE,FALSE,FALSE,FALSE
6.6294E+18,705,lormran,,Gabe,310,8937,149,8,171300,0,FALSE,FALSE,FALSE,FALSE
6.91325E+18,706,matteo_playz123,,Matteo_Playz,1481,2416,1420,4,45200,0,FALSE,FALSE,FALSE,FALSE
6.95553E+18,707,firballe1,,firballe1,15,421,0,0,111300,0,TRUE,TRUE,FALSE,FALSE
6.95338E+18,708,banzo_beans,,Garbanzo & Beans,69,510,1343,33,19300,0,FALSE,FALSE,FALSE,FALSE
7.39426E+18,709,aj155791,,Aarush Jhaveri,105,84,23,1,2548,0,FALSE,FALSE,FALSE,FALSE
7.3704E+18,710,j_rod711,,j_rod711,1,81,0,0,2352,0,FALSE,FALSE,FALSE,FALSE
6.8223E+18,711,wilder_rizza,,wilder_rizza,103,42,328,3,1308,0,FALSE,FALSE,FALSE,FALSE
6.64285E+18,712,dankbaconator73,RED,DankBaconator73,68,63,502,26,1394,0,FALSE,FALSE,FALSE,FALSE
6.62702E+18,713,alex_chimera,,Alex chimera,201,986,2692,0,51700,0,FALSE,FALSE,FALSE,FALSE
7.1734E+18,714,tydevine0,,TyDevine0,237,353,3581,3,5444,0,FALSE,FALSE,FALSE,FALSE
6.62641E+18,715,strawberrypiehater,RED,Noodle,139,203,18,1,5625,0,FALSE,FALSE,FALSE,FALSE
7.0416E+18,716,user746489573785,,user746489573785,8,283,0,1,12800,0,TRUE,TRUE,FALSE,FALSE
7.10329E+18,717,drcotton1,,DrCotton,52,1519,36,9,65800,0,FALSE,FALSE,FALSE,FALSE
6.84981E+18,718,kendrik_13,,Kendrikü§ò,45,127,105,3,3768,0,FALSE,FALSE,FALSE,FALSE
6.84981E+18,719,kendrik_13,,Kendrikü§ò,45,127,105,3,3768,0,FALSE,FALSE,FALSE,FALSE
6.5492E+18,720,_forzalover_,,Forzalover,449,4905,745,32,28300,0,FALSE,FALSE,FALSE,FALSE
7.00232E+18,721,coletex.19,,Cole,351,774,2,0,4976,0,FALSE,FALSE,FALSE,FALSE
6.65579E+18,722,rbs.mp4,,Ringolds,64,218,120,3,5085,0,FALSE,FALSE,FALSE,FALSE
7.07819E+18,723,freshprincee801,GREEN,Dechion Davis,28,247,0,0,1288,0,FALSE,FALSE,FALSE,FALSE
7.01654E+18,724,sethsmasal,,Seth,131,327,30,0,193800,0,FALSE,FALSE,FALSE,FALSE
7.43959E+18,725,owenfromalaska,,Owen growin Owen,71,116,78,2,1570,0,FALSE,FALSE,FALSE,FALSE
6.72813E+18,726,kaikoverchuk,,Kai Koverchuk,208,176,6829,215,20200,0,FALSE,FALSE,FALSE,FALSE
6.60315E+18,727,bigz_4jc,,Big-Z,1112,337,248900,251,52900,0,FALSE,FALSE,FALSE,FALSE
6.70367E+18,728,malachin9,,Malachi,137,149,146,3,68900,0,TRUE,TRUE,FALSE,FALSE
6.89295E+18,729,le_goopy_guy,,Le Goopy Guy,75,1077,0,0,10100,0,FALSE,FALSE,FALSE,FALSE
7.11212E+18,730,fresh_.2006,,Logan_.f,827,122,137400,527,54800,0,FALSE,FALSE,FALSE,FALSE
7.18112E+18,731,d1yearner__,,Ôø∂,225,3567,1103,13,126800,0,FALSE,FALSE,FALSE,FALSE
7.00609E+18,732,spencersher,RED,Spencer Sher,290,4352,655,16,77500,0,FALSE,FALSE,FALSE,FALSE
7.03008E+18,733,robertdigiacomo.39,,The Roblin,10900,230,980100,533,3664,0,FALSE,FALSE,FALSE,FALSE
7.12011E+18,734,0uroboros__,PURPLE,john__,1,110,0,0,3287,0,FALSE,FALSE,FALSE,FALSE
6.75793E+18,735,starryyskyettv,,starryyskye,3767,993,951700,3,149600,0,FALSE,FALSE,FALSE,FALSE
7.09744E+18,736,cam_morse,RED,Cam Morse,78,380,3,0,30600,0,FALSE,FALSE,FALSE,FALSE
7.33426E+18,737,.ashaple,,ash,22,251,0,0,2651,0,FALSE,FALSE,FALSE,FALSE
7.32034E+18,738,bryan.mucica,,Bryan Mucica,54,70,0,0,1756,0,FALSE,FALSE,FALSE,FALSE
6.90027E+18,739,zerkkkkkkkk,RED,üò±,84,350,299,0,55100,0,FALSE,FALSE,FALSE,FALSE
6.95548E+18,740,josepht_25,,Joey,206,254,0,0,2992,0,TRUE,TRUE,FALSE,FALSE
7.00422E+18,741,grayallingham,,gray,134,573,11,0,41400,0,TRUE,TRUE,FALSE,FALSE
6.79943E+18,742,jessicahsmith2001,,jessicahsmith,37,423,28,2,3466,0,FALSE,FALSE,FALSE,FALSE
7.3597E+18,743,philipg37,,philipg37,4,34,0,0,1266,0,TRUE,TRUE,FALSE,FALSE
6.90403E+18,744,13._432,RED,.,21,83,0,0,2991,0,TRUE,TRUE,FALSE,FALSE
6.88533E+18,745,fantasyfarmerr,,Ryan,189,847,504,23,41800,0,TRUE,TRUE,FALSE,FALSE
7.11275E+18,746,user18399399292881818939,,MovieGuy,20,227,0,0,15100,0,TRUE,TRUE,FALSE,FALSE
6.57542E+18,747,invasive23325,,_invasive_,1,292,0,0,67900,0,TRUE,TRUE,FALSE,FALSE
6.87391E+18,748,aligary,,aligary,75,62,2385,129,385,0,FALSE,FALSE,FALSE,FALSE
7.55867E+18,749,imsotuffmaknee,GREEN,imsotuffmaknee,32,82,0,0,6224,0,TRUE,TRUE,FALSE,FALSE
6.98636E+18,750,graysonangus,,Gray,69,366,676,35,13000,0,FALSE,FALSE,FALSE,FALSE
7.38274E+18,751,shadow_real27,BLUE,Shadow,45,1398,79,4,7477,0,FALSE,FALSE,FALSE,FALSE
3.00569E+17,752,cartersooch,,Carter,60,520,203,2,26100,0,FALSE,FALSE,FALSE,FALSE
7.4227E+18,753,coltoningle3,PINK,Colton,79,367,204,19,4671,0,TRUE,TRUE,FALSE,FALSE
7.10316E+18,754,.yuigon,BLUE,Midnight,74,376,221,7,575,0,FALSE,FALSE,FALSE,FALSE
6.78871E+18,755,nero321,,nero321,149,993,72,1,441900,0,FALSE,FALSE,FALSE,FALSE
7.35624E+18,756,.sk.99,,sk99,113,485,0,0,7671,0,FALSE,FALSE,FALSE,FALSE
7.51974E+18,757,bathmarr,RED,ExplosionHB!,24,139,289,16,847,0,FALSE,FALSE,FALSE,FALSE
6.81501E+18,758,moonkiller_1213,,Moonkiller1213,28,389,0,0,43100,0,FALSE,FALSE,FALSE,FALSE
6.53202E+18,759,andrewharton_,,dubski,25,39,138,2,54800,0,FALSE,FALSE,FALSE,FALSE
6.82444E+18,760,slimreaper421,,SLIMREAPERYT,56,1137,56,11,1444,0,FALSE,FALSE,FALSE,FALSE
7.09153E+18,761,ky_elite,,Ky Elite,456,924,562,14,434200,0,FALSE,FALSE,FALSE,FALSE
6.61757E+18,762,killerorangutan1,,killerorangutan1,1,153,59,0,2933,0,TRUE,TRUE,FALSE,FALSE
7.08688E+18,763,tankboiiizaphireidc,,tankboiiizaphireidc,50,2607,3,0,22800,0,TRUE,TRUE,FALSE,FALSE
7.0928E+18,764,byeah20,,Cielo,9,55,0,0,4762,0,FALSE,FALSE,FALSE,FALSE
7.47586E+18,765,sr71blackbird7112,ORANGE,SR-71,92,657,1153,12,4452,0,FALSE,FALSE,FALSE,FALSE
7.22944E+18,766,lucas_ramsey836,,Lucas,11,934,0,0,82800,0,TRUE,TRUE,FALSE,FALSE
6.8743E+18,767,jaceriker,,Jace,70,1777,58,13,142300,0,FALSE,FALSE,FALSE,FALSE
6.61786E+18,768,bestiswill9,RED,William Holloway,69,561,316,19,96000,0,FALSE,FALSE,FALSE,FALSE
7.57796E+18,769,asian_aid3n,,Asian‚Ä¢Aiden,41,46,69,1,2583,0,FALSE,FALSE,FALSE,FALSE
7.23681E+18,770,illumi.qii3,,illumi,112,827,46,3,6367,0,FALSE,FALSE,FALSE,FALSE
6.61944E+18,771,broclobsterrr,,BrocLobsterrr,196,346,1223,7,57300,0,FALSE,FALSE,FALSE,FALSE
7.2728E+18,772,brock.riley,,Brock Riley,671,5987,102,2,6546,0,FALSE,FALSE,FALSE,FALSE
6.71295E+18,773,jtwaller0,,jt,134,138,83,5,13800,0,FALSE,FALSE,FALSE,FALSE
6.88695E+18,774,levilobbes56,,LeviLobbes56,155,891,2666,0,18300,0,FALSE,FALSE,FALSE,FALSE
7.04552E+18,775,antivoids,PURPLE,chara &,137,1408,5516,1239,266400,0,TRUE,TRUE,FALSE,FALSE
6.65284E+18,776,meganschill10,,Megan,128,137,433,10,24600,0,FALSE,FALSE,FALSE,FALSE
7.25255E+18,777,preston250464,,Preston,56,706,69,11,24700,0,FALSE,FALSE,FALSE,FALSE
7.1771E+18,778,realmileskamen,,realmileskamen,215,508,0,0,4160,0,FALSE,FALSE,FALSE,FALSE
7.19726E+18,779,ethan76147,,ethan76147,72,250,0,0,2226,0,TRUE,TRUE,FALSE,FALSE
7.1939E+18,780,user1393326152186,,Hi314159265,2,265,0,0,341,0,FALSE,FALSE,FALSE,FALSE
6.71725E+18,781,cole_allennn,BLUE,Cole Allen,110,918,150,0,105600,0,FALSE,FALSE,FALSE,FALSE
7.36347E+18,782,duckey_man0,,Berkles,54,294,4,0,14600,0,TRUE,TRUE,FALSE,FALSE
7.43549E+18,783,hyped.hyper,,Hyped Hyper,16,385,34,2,24900,0,FALSE,FALSE,FALSE,FALSE
7.4161E+18,784,tubeon67,,Tubeon,15,49,0,0,4931,0,TRUE,TRUE,FALSE,FALSE
6.87869E+18,785,saad.hossain_,,Saad,75,375,0,0,10700,0,FALSE,FALSE,FALSE,FALSE
7.00865E+18,786,bobpizza5434,,Bobpizza5434,35,1283,5,0,30200,0,TRUE,TRUE,FALSE,FALSE
6.87383E+18,787,borbims,,erika,5,469,6,3,1556,0,FALSE,FALSE,FALSE,FALSE
7.17168E+18,788,lebonbonglazer6,RED,Kanye west fan,94,2772,502,24,7653,0,FALSE,FALSE,FALSE,FALSE
6.87492E+18,789,leafy0516,,leafy,78,2475,218,0,4646,0,FALSE,FALSE,FALSE,FALSE
6.80932E+18,790,michael.micheal.michael,,Michael,39,110,320,13,19500,0,FALSE,FALSE,FALSE,FALSE
6.73211E+18,791,amir_adan,,amir_adan,129,1187,339,12,23400,0,FALSE,FALSE,FALSE,FALSE
7.27888E+18,792,verygoodusername12,,VeryGoodUsername,18,82,0,0,482,0,FALSE,FALSE,FALSE,FALSE
7.21688E+18,793,shea.butter4245,,shea.butter4245,146,405,486,0,1013,0,TRUE,TRUE,FALSE,FALSE
7.428E+18,794,lesroth3,,lesroth3,39,115,0,0,1479,0,FALSE,FALSE,FALSE,FALSE
7.44812E+18,795,not.drew11,,dreski,19,26,0,0,2975,0,TRUE,TRUE,FALSE,FALSE
6.95788E+18,796,zachlieberman19,,Zachlieberman19,70,1268,0,0,1870,0,FALSE,FALSE,FALSE,FALSE
7.43832E+18,797,carsonrmeyer,GREEN,Carson,111,210,0,0,17500,0,FALSE,FALSE,FALSE,FALSE
6.56677E+18,798,aaronisjustok,,Aaron,419,8758,0,1,4794,0,TRUE,TRUE,FALSE,FALSE
6.82201E+18,799,joey_28_merrion,,Joey Merrion,64,233,0,0,1680,0,FALSE,FALSE,FALSE,FALSE
7.06684E+18,800,ryanmuellerr,,Ryan Mueller,91,720,174,4,123900,0,FALSE,FALSE,FALSE,FALSE
6.60537E+18,801,diegofernandez749,,Diego Fernandez,35,500,12,2,7709,0,TRUE,TRUE,FALSE,FALSE
6.78981E+18,802,bourgeoisraccoon,,okay,42,54,0,0,6368,0,FALSE,FALSE,FALSE,FALSE
7.0328E+18,803,dillpickle45675,,Dylan Levang,31,437,95,0,975,0,FALSE,FALSE,FALSE,FALSE
7.22013E+18,804,aidenbuckley50,BLUE,aidenbuck50,367,339,2158,39,18600,0,FALSE,FALSE,FALSE,FALSE
7.05136E+18,805,yam16778,RED,Yam,45,147,22,13,11700,0,FALSE,FALSE,FALSE,FALSE
7.32894E+18,806,unreal_finds,,Unreal Finds,25000,66,1400000,1692,2271,0,FALSE,FALSE,FALSE,FALSE
6.74676E+18,807,hunter.dymarcik,,Hunter.Dymarcik,27,417,0,0,82300,0,FALSE,FALSE,FALSE,FALSE
6.86062E+18,808,andrew_o32,RED,andrew,96,177,30,1,2908,0,FALSE,FALSE,FALSE,FALSE
7.24494E+18,809,brayden09881,RED,Brayden,37,495,26,1,3525,0,FALSE,FALSE,FALSE,FALSE
6.79438E+18,810,stonychunk,,Luke,27,760,26,1,109900,0,TRUE,TRUE,FALSE,FALSE
6.9205E+18,811,mimikyuopx4,,Mimi Q,70,1293,8,0,140800,0,FALSE,FALSE,FALSE,FALSE
6.74701E+18,812,destroyer3738,,Sebastian Rodarte,16,2475,0,0,250200,0,TRUE,TRUE,FALSE,FALSE
7.41017E+18,813,ezw8_12,,ezw8_12,13,252,0,0,77,0,TRUE,TRUE,FALSE,FALSE
7.23278E+18,814,konradwozniak3,,Konrad Wozniak,30,68,0,0,5578,0,FALSE,FALSE,FALSE,FALSE
6.80268E+18,815,buenasnoches1408,,Jack,118,774,1799,15,37600,0,FALSE,FALSE,FALSE,FALSE
7.33528E+18,816,insane4959,RED,insane,7,33,4,3,624,0,FALSE,FALSE,FALSE,FALSE
7.40831E+18,817,chezybrezy,,seb,90,139,0,0,51900,0,FALSE,FALSE,FALSE,FALSE
6.92626E+18,818,unknown29469374,,Unknown29469374,21,472,190,6,100800,0,TRUE,TRUE,FALSE,FALSE
6.75077E+18,819,kaden_harris2,RED,KE30,52,476,36,1,10700,0,FALSE,FALSE,FALSE,FALSE
7.47135E+18,820,landonstauffer16,,landonstauffer16,66,409,0,0,1583,0,FALSE,FALSE,FALSE,FALSE
6.64582E+18,821,ethanglen,,Ethan,111,176,291,0,394200,0,FALSE,FALSE,FALSE,FALSE
7.10561E+18,822,valdez_00000,,valdez_00000,78,478,165,2,88700,0,TRUE,TRUE,FALSE,FALSE
7.44621E+18,823,aaron.cvetichan,,Aaron Cvetichan,129,423,0,0,21100,0,FALSE,FALSE,FALSE,FALSE
6.7875E+18,824,cartergreenebean,,cartergreene,1035,277,0,0,576,0,FALSE,FALSE,FALSE,FALSE
6.55144E+18,825,almond.p3ach,,Seb,902,249,55900,240,349000,0,FALSE,FALSE,FALSE,FALSE
6.97786E+18,826,max.peters21,,Max Peters,47,214,0,0,5268,0,FALSE,FALSE,FALSE,FALSE
6.94436E+18,827,devinparks32,,devinparks32,94,864,582,32,65700,0,FALSE,FALSE,FALSE,FALSE
6.98569E+18,828,codymason775,,Cody,67,699,0,0,17700,0,FALSE,FALSE,FALSE,FALSE
6.74672E+18,829,alex_s1404,,alex_s1404,92,155,0,0,9314,0,FALSE,FALSE,FALSE,FALSE
7.2781E+18,830,timallgood05,,Tim Allgood,5,67,0,0,5382,0,TRUE,TRUE,FALSE,FALSE
7.38127E+18,831,jacob.dalton8,GREEN,jacob,15,59,37,7,4332,0,TRUE,TRUE,FALSE,FALSE
6.82168E+18,832,youwillneverspeakofthis,,wsgzrzwaobfnfwwyqa,41,407,8,4,11300,0,FALSE,FALSE,FALSE,FALSE
6.59753E+18,833,benjabeee,RED,Benja / Festive Boi üòéüéÅüéÑ,2282,4903,560,17,447700,0,FALSE,FALSE,FALSE,FALSE
6.96712E+18,834,aidannemeth40,,Aidan,331,1502,31,0,6470,0,TRUE,TRUE,FALSE,FALSE
6.72671E+18,835,hunter13800224,,Hunter,40,449,0,0,28300,0,FALSE,FALSE,FALSE,FALSE
7.01747E+18,836,littlemanrp0309,,Ryan,10,3072,0,0,219200,0,TRUE,TRUE,FALSE,FALSE
6.765E+18,837,crxfty36,,Isaiah,2543,633,206500,192,41800,0,FALSE,FALSE,FALSE,FALSE